category_id,category_url,category,source_category_identifier,identifier_semantics,department,department_classification,parent_category,parent_status,discovery_status,enumeration_status,first_scan_product_count,final_scan_product_count,number_of_scroll_iterations,duplicate_count,new_products_last_iteration,completion_reason,unique_products_discovered
category:52b69d58ca7f96f8,https://www.zara.com/us/en/woman-dresses-l1066.html,Dresses for Women | ZARA United States,1066,URL token; internal semantics NOT VERIFIED,WOMAN,INFERRED from route,,NOT VERIFIED,LINKS_INSPECTED,PENDING,,,0,,,,32
category:464699df8a939649,https://www.zara.com/us/en/woman-dresses-party-l1581.html,going out,1581,URL token; internal semantics NOT VERIFIED,WOMAN,INFERRED from route,,NOT VERIFIED,DISCOVERED,PENDING,,,0,,,,0
category:0a70d2e37392985f,https://www.zara.com/us/en/woman-dresses-midi-l1081.html,midi | maxi,1081,URL token; internal semantics NOT VERIFIED,WOMAN,INFERRED from route,,NOT VERIFIED,DISCOVERED,PENDING,,,0,,,,0
category:e51c9cb6e9106f5d,https://www.zara.com/us/en/woman-dresses-mini-l1083.html,mini,1083,URL token; internal semantics NOT VERIFIED,WOMAN,INFERRED from route,,NOT VERIFIED,DISCOVERED,PENDING,,,0,,,,0
category:2296093622c90fd2,https://www.zara.com/us/en/woman-jumpsuits-l1150.html,jumpsuits,1150,URL token; internal semantics NOT VERIFIED,WOMAN,INFERRED from route,,NOT VERIFIED,DISCOVERED,PENDING,,,0,,,,0
category:91c60a1489d05f0a,https://www.zara.com/us/en/woman-dresses-camisole-l2184.html,satin effect,2184,URL token; internal semantics NOT VERIFIED,WOMAN,INFERRED from route,,NOT VERIFIED,DISCOVERED,PENDING,,,0,,,,0
category:222e1aa5c830d324,https://www.zara.com/us/en/woman-dresses-view-all-newsletter-l19359.html,VIEW ALL,19359,URL token; internal semantics NOT VERIFIED,WOMAN,INFERRED from route,,NOT VERIFIED,DISCOVERED,PENDING,,,0,,,,0
category:d46328f1a84f9f10,https://www.zara.com/us/en/woman-dresses-wedding-guest-l2178.html,Women's Wedding Guest Dresses,2178,URL token; internal semantics NOT VERIFIED,WOMAN,INFERRED from route,,NOT VERIFIED,DISCOVERED,PENDING,,,0,,,,0
category:2ef8a2ef6481daa9,https://www.zara.com/us/en/woman-dresses-white-l1676.html,Women's White Dresses,1676,URL token; internal semantics NOT VERIFIED,WOMAN,INFERRED from route,,NOT VERIFIED,DISCOVERED,PENDING,,,0,,,,0
category:f9f047510caa478d,https://www.zara.com/us/en/woman-dresses-beach-l5337.html,Women´s Dress Beach,5337,URL token; internal semantics NOT VERIFIED,WOMAN,INFERRED from route,,NOT VERIFIED,DISCOVERED,PENDING,,,0,,,,0
category:0e2a2b2a987a96bd,https://www.zara.com/us/en/woman-knitwear-dresses-l1160.html,Women's Sweater Dresses,1160,URL token; internal semantics NOT VERIFIED,WOMAN,INFERRED from route,,NOT VERIFIED,DISCOVERED,PENDING,,,0,,,,0
category:64745c5b2e6e09de,https://www.zara.com/us/en/woman-dresses-black-l1595.html,Women's Black Dresses,1595,URL token; internal semantics NOT VERIFIED,WOMAN,INFERRED from route,,NOT VERIFIED,DISCOVERED,PENDING,,,0,,,,0
category:cc79f9caaccdccb9,https://www.zara.com/us/en/woman-dresses-lace-l1774.html,LINGERIE STYLE,1774,URL token; internal semantics NOT VERIFIED,WOMAN,INFERRED from route,,NOT VERIFIED,DISCOVERED,PENDING,,,0,,,,0
category:68a78d69fc6bab3a,https://www.zara.com/us/en/woman-dresses-linen-l1686.html,Women's Linen Dresses,1686,URL token; internal semantics NOT VERIFIED,WOMAN,INFERRED from route,,NOT VERIFIED,DISCOVERED,PENDING,,,0,,,,0
category:7563a9dd369e86fb,https://www.zara.com/us/en/woman-dresses-belted-l17324.html,BELTED,17324,URL token; internal semantics NOT VERIFIED,WOMAN,INFERRED from route,,NOT VERIFIED,DISCOVERED,PENDING,,,0,,,,0
category:4c4e00e79769d251,https://www.zara.com/us/en/woman-dresses-printed-l1089.html,Women´s Printed Dresses,1089,URL token; internal semantics NOT VERIFIED,WOMAN,INFERRED from route,,NOT VERIFIED,DISCOVERED,PENDING,,,0,,,,0
category:5c28c37318e0ff3f,https://www.zara.com/us/en/woman-dresses-maxi-l1079.html,Women's Maxi Dresses,1079,URL token; internal semantics NOT VERIFIED,WOMAN,INFERRED from route,,NOT VERIFIED,DISCOVERED,PENDING,,,0,,,,0
category:65558b559bf9adca,https://www.zara.com/us/en/woman-dresses-long-sleeve-l1776.html,Women's Long Sleeve Dresses,1776,URL token; internal semantics NOT VERIFIED,WOMAN,INFERRED from route,,NOT VERIFIED,DISCOVERED,PENDING,,,0,,,,0
category:fa185dbac1392639,https://www.zara.com/us/en/woman-dresses-satin-l3082.html,Women´s Satin Dresses,3082,URL token; internal semantics NOT VERIFIED,WOMAN,INFERRED from route,,NOT VERIFIED,DISCOVERED,PENDING,,,0,,,,0
category:e9ed71d4d4a95cb5,https://www.zara.com/us/en/woman-dresses-denim-l1704.html,Women's Denim Dresses,1704,URL token; internal semantics NOT VERIFIED,WOMAN,INFERRED from route,,NOT VERIFIED,DISCOVERED,PENDING,,,0,,,,0
category:4e9a71c976e64e37,https://www.zara.com/us/en/woman-dresses-tulle-l5472.html,Tulle Dresses for Woman,5472,URL token; internal semantics NOT VERIFIED,WOMAN,INFERRED from route,,NOT VERIFIED,DISCOVERED,PENDING,,,0,,,,0
category:a215e0866fd34050,https://www.zara.com/us/en/s-woman-dresses-l8887.html,Dresses for Women,8887,URL token; internal semantics NOT VERIFIED,UNCLASSIFIED,INFERRED from route,,NOT VERIFIED,DISCOVERED,PENDING,,,0,,,,0
category:6387f930e468d9cb,https://www.zara.com/us/en/woman-dresses-elegant-l5736.html,Women’s Elegant Evening Dresses,5736,URL token; internal semantics NOT VERIFIED,WOMAN,INFERRED from route,,NOT VERIFIED,DISCOVERED,PENDING,,,0,,,,0
category:a6e302e156ac1097,https://www.zara.com/us/en/woman-dresses-cut-out-l4746.html,Women's Cut Out Dresses,4746,URL token; internal semantics NOT VERIFIED,WOMAN,INFERRED from route,,NOT VERIFIED,DISCOVERED,PENDING,,,0,,,,0
category:64d01931fe0abb82,https://www.zara.com/us/en/woman-dresses-winter-l2348.html,Women's Winter Dresses,2348,URL token; internal semantics NOT VERIFIED,WOMAN,INFERRED from route,,NOT VERIFIED,DISCOVERED,PENDING,,,0,,,,0
category:7391a3e0b5b42dfa,https://www.zara.com/us/en/woman-dresses-bodycon-l2179.html,Women's Bodycon Dresses,2179,URL token; internal semantics NOT VERIFIED,WOMAN,INFERRED from route,,NOT VERIFIED,DISCOVERED,PENDING,,,0,,,,0
category:8fc10bc70c613e8e,https://www.zara.com/us/en/woman-dresses-prom-l7713.html,Prom and Formal Dresses,7713,URL token; internal semantics NOT VERIFIED,WOMAN,INFERRED from route,,NOT VERIFIED,DISCOVERED,PENDING,,,0,,,,0
category:7cd2565cc7e05d9b,https://www.zara.com/us/en/woman-dresses-rhinestone-l7702.html,Women's Rhinestone Dresses,7702,URL token; internal semantics NOT VERIFIED,WOMAN,INFERRED from route,,NOT VERIFIED,DISCOVERED,PENDING,,,0,,,,0
category:818fcbcbe8d65de0,https://www.zara.com/us/en/woman-dresses-backless-l4889.html,Women's Backless Dresses,4889,URL token; internal semantics NOT VERIFIED,WOMAN,INFERRED from route,,NOT VERIFIED,DISCOVERED,PENDING,,,0,,,,0
category:53b84339665a9b39,https://www.zara.com/us/en/woman-dresses-sleeveless-l4203.html,Sleeveless Dress for Woman,4203,URL token; internal semantics NOT VERIFIED,WOMAN,INFERRED from route,,NOT VERIFIED,DISCOVERED,PENDING,,,0,,,,0
category:9c7eb7535df83c28,https://www.zara.com/us/en/woman-dresses-off-the-shoulder-l1084.html,Women's Off The Shoulder Dresses,1084,URL token; internal semantics NOT VERIFIED,WOMAN,INFERRED from route,,NOT VERIFIED,DISCOVERED,PENDING,,,0,,,,0
category:7850948038e4d38f,https://www.zara.com/us/en/woman-dresses-work-l4481.html,Work Dresses,4481,URL token; internal semantics NOT VERIFIED,WOMAN,INFERRED from route,,NOT VERIFIED,DISCOVERED,PENDING,,,0,,,,0
category:2438deeeeb6becbe,https://www.zara.com/us/en/woman-dresses-casual-l4480.html,Casual Dresses,4480,URL token; internal semantics NOT VERIFIED,WOMAN,INFERRED from route,,NOT VERIFIED,DISCOVERED,PENDING,,,0,,,,0
category:34ff1322c9dfb87c,https://www.zara.com/us/en/woman-dresses-green-l1741.html,Women's Green Dresses,1741,URL token; internal semantics NOT VERIFIED,WOMAN,INFERRED from route,,NOT VERIFIED,DISCOVERED,PENDING,,,0,,,,0
category:1577d9ca51248540,https://www.zara.com/us/en/woman-dresses-baby-doll-l1067.html,Women's Shift Dresses,1067,URL token; internal semantics NOT VERIFIED,WOMAN,INFERRED from route,,NOT VERIFIED,DISCOVERED,PENDING,,,0,,,,0
category:e49914715b6054c8,https://www.zara.com/us/en/woman-dresses-tunic-l1096.html,Tunic Dresses,1096,URL token; internal semantics NOT VERIFIED,WOMAN,INFERRED from route,,NOT VERIFIED,DISCOVERED,PENDING,,,0,,,,0
category:a11f999715622dcd,https://www.zara.com/us/en/woman-dresses-asymmetric-l4888.html,Women's Asymmetric Dresses,4888,URL token; internal semantics NOT VERIFIED,WOMAN,INFERRED from route,,NOT VERIFIED,DISCOVERED,PENDING,,,0,,,,0
category:e0c0f65966a3cfb7,https://www.zara.com/us/en/woman-dresses-blue-l1677.html,Women's Blue Dresses,1677,URL token; internal semantics NOT VERIFIED,WOMAN,INFERRED from route,,NOT VERIFIED,DISCOVERED,PENDING,,,0,,,,0
category:f82cad1a60228624,https://www.zara.com/us/en/woman-dresses-pink-l1843.html,Women's Pink Dresses,1843,URL token; internal semantics NOT VERIFIED,WOMAN,INFERRED from route,,NOT VERIFIED,DISCOVERED,PENDING,,,0,,,,0
category:7ffc0c8eb7d65aa1,https://www.zara.com/us/en/woman-dresses-polka-dot-l1775.html,Women's Polka Dot Dresses,1775,URL token; internal semantics NOT VERIFIED,WOMAN,INFERRED from route,,NOT VERIFIED,DISCOVERED,PENDING,,,0,,,,0
category:91eed39f94687279,https://www.zara.com/us/en/woman-dresses-poplin-l2350.html,Women's Cotton Dresses,2350,URL token; internal semantics NOT VERIFIED,WOMAN,INFERRED from route,,NOT VERIFIED,DISCOVERED,PENDING,,,0,,,,0
category:44724d4907719577,https://www.zara.com/us/en/woman-dresses-ruffles-l2349.html,Women's Ruffle Dresses,2349,URL token; internal semantics NOT VERIFIED,WOMAN,INFERRED from route,,NOT VERIFIED,DISCOVERED,PENDING,,,0,,,,0
category:2634ed82f09a34bf,https://www.zara.com/us/en/woman-dresses-grey-l2189.html,Women's Grey Dresses,2189,URL token; internal semantics NOT VERIFIED,WOMAN,INFERRED from route,,NOT VERIFIED,DISCOVERED,PENDING,,,0,,,,0
category:1a1578172e811de5,https://www.zara.com/us/en/woman-dresses-red-l1687.html,Women's Red Dresses,1687,URL token; internal semantics NOT VERIFIED,WOMAN,INFERRED from route,,NOT VERIFIED,DISCOVERED,PENDING,,,0,,,,0
category:e710587cc6cda81d,https://www.zara.com/us/en/woman-dresses-crochet-l1071.html,Women's Crochet Dresses,1071,URL token; internal semantics NOT VERIFIED,WOMAN,INFERRED from route,,NOT VERIFIED,DISCOVERED,PENDING,,,0,,,,0
category:7b58f84a597af287,https://www.zara.com/us/en/woman-dresses-fringe-l6302.html,FRINGED DRESSES,6302,URL token; internal semantics NOT VERIFIED,WOMAN,INFERRED from route,,NOT VERIFIED,DISCOVERED,PENDING,,,0,,,,0
category:e01cac5391962885,https://www.zara.com/us/en/woman-dresses-mesh-l6301.html,MESH DRESSES,6301,URL token; internal semantics NOT VERIFIED,WOMAN,INFERRED from route,,NOT VERIFIED,DISCOVERED,PENDING,,,0,,,,0
category:e1b51bf9917737ad,https://www.zara.com/us/en/woman-dresses-sequin-l2340.html,Women's Sequin Dresses,2340,URL token; internal semantics NOT VERIFIED,WOMAN,INFERRED from route,,NOT VERIFIED,DISCOVERED,PENDING,,,0,,,,0
category:226aa6d3141056db,https://www.zara.com/us/en/woman-dresses-pleated-l4060.html,Women's Pleated Dresses,4060,URL token; internal semantics NOT VERIFIED,WOMAN,INFERRED from route,,NOT VERIFIED,DISCOVERED,PENDING,,,0,,,,0
category:c1a5a483a4ee270a,https://www.zara.com/us/en/woman-dresses-animal-print-l4059.html,Animal Print Dresses,4059,URL token; internal semantics NOT VERIFIED,WOMAN,INFERRED from route,,NOT VERIFIED,DISCOVERED,PENDING,,,0,,,,0
category:4cf87df61285f561,https://www.zara.com/us/en/woman-dresses-wrap-l2180.html,Women's Wrap Dresses,2180,URL token; internal semantics NOT VERIFIED,WOMAN,INFERRED from route,,NOT VERIFIED,DISCOVERED,PENDING,,,0,,,,0
category:b8df1c8b29bf16e0,https://www.zara.com/us/en/woman-dresses-embroidered-l2185.html,Women's Embroidered Dresses,2185,URL token; internal semantics NOT VERIFIED,WOMAN,INFERRED from route,,NOT VERIFIED,DISCOVERED,PENDING,,,0,,,,0
category:809b3ec7006ada2a,https://www.zara.com/us/en/woman-dresses-purple-l2188.html,Women's Purple Dresses,2188,URL token; internal semantics NOT VERIFIED,WOMAN,INFERRED from route,,NOT VERIFIED,DISCOVERED,PENDING,,,0,,,,0
category:99b907c82d0f8281,https://www.zara.com/us/en/woman-dresses-christmas-l7116.html,Women's Christmas Dresses,7116,URL token; internal semantics NOT VERIFIED,WOMAN,INFERRED from route,,NOT VERIFIED,DISCOVERED,PENDING,,,0,,,,0
category:f4705897ce29dd97,https://www.zara.com/us/en/woman-dresses-leather-l4061.html,Women's Leather Dresses,4061,URL token; internal semantics NOT VERIFIED,WOMAN,INFERRED from route,,NOT VERIFIED,DISCOVERED,PENDING,,,0,,,,0
category:6acb4cecab5bd40b,https://www.zara.com/us/en/woman-dresses-smock-l4483.html,Smock Dresses,4483,URL token; internal semantics NOT VERIFIED,WOMAN,INFERRED from route,,NOT VERIFIED,DISCOVERED,PENDING,,,0,,,,0
category:a2d4d5e4ce72ebdf,https://www.zara.com/us/en/woman-dresses-striped-l4748.html,Women's Striped Dresses,4748,URL token; internal semantics NOT VERIFIED,WOMAN,INFERRED from route,,NOT VERIFIED,DISCOVERED,PENDING,,,0,,,,0
category:1c8b54f824e6b590,https://www.zara.com/us/en/woman-dresses-puff-sleeve-l4747.html,Puff Sleeve Dresses,4747,URL token; internal semantics NOT VERIFIED,WOMAN,INFERRED from route,,NOT VERIFIED,DISCOVERED,PENDING,,,0,,,,0
category:0f885743c37f71b5,https://www.zara.com/us/en/woman-dresses-halter-neck-l4884.html,Women's Halter Neck Dresses,4884,URL token; internal semantics NOT VERIFIED,WOMAN,INFERRED from route,,NOT VERIFIED,DISCOVERED,PENDING,,,0,,,,0
category:e6c8a801356aa473,https://www.zara.com/us/en/woman-dresses-vneck-l4887.html,Women's V-Neck Dresses,4887,URL token; internal semantics NOT VERIFIED,WOMAN,INFERRED from route,,NOT VERIFIED,DISCOVERED,PENDING,,,0,,,,0
category:e4761a6b53252c81,https://www.zara.com/us/en/woman-dresses-yellow-l2186.html,Women's Yellow Dresses,2186,URL token; internal semantics NOT VERIFIED,WOMAN,INFERRED from route,,NOT VERIFIED,DISCOVERED,PENDING,,,0,,,,0
category:3a6384189dddd9af,https://www.zara.com/us/en/woman-dresses-beige-l4885.html,Women's Beige Dresses,4885,URL token; internal semantics NOT VERIFIED,WOMAN,INFERRED from route,,NOT VERIFIED,DISCOVERED,PENDING,,,0,,,,0
category:3dc38717debb58d8,https://www.zara.com/us/en/woman-dresses-brown-l4886.html,Women's Brown Dresses,4886,URL token; internal semantics NOT VERIFIED,WOMAN,INFERRED from route,,NOT VERIFIED,DISCOVERED,PENDING,,,0,,,,0
category:1c40e266ce64744c,https://www.zara.com/us/en/woman-dresses-tie-dye-l4976.html,Women's Tie-Dye Dresses,4976,URL token; internal semantics NOT VERIFIED,WOMAN,INFERRED from route,,NOT VERIFIED,DISCOVERED,PENDING,,,0,,,,0
category:4854c1f606e69762,https://www.zara.com/us/en/woman-dresses-orange-l4977.html,Women's Orange Dresses,4977,URL token; internal semantics NOT VERIFIED,WOMAN,INFERRED from route,,NOT VERIFIED,DISCOVERED,PENDING,,,0,,,,0
category:73f12401e4ca5fa4,https://www.zara.com/us/en/woman-dresses-cotton-l4625.html,Cotton Dresses for Women,4625,URL token; internal semantics NOT VERIFIED,WOMAN,INFERRED from route,,NOT VERIFIED,DISCOVERED,PENDING,,,0,,,,0
category:6ce35cae5beebbbb,https://www.zara.com/us/en/woman-dresses-corset-l5299.html,Women Corset Dresses,5299,URL token; internal semantics NOT VERIFIED,WOMAN,INFERRED from route,,NOT VERIFIED,DISCOVERED,PENDING,,,0,,,,0
category:fed448c9654829cf,https://www.zara.com/us/en/woman-dresses-mini-black-l5300.html,Little Black Dresses,5300,URL token; internal semantics NOT VERIFIED,WOMAN,INFERRED from route,,NOT VERIFIED,DISCOVERED,PENDING,,,0,,,,0
category:af98b2942298a109,https://www.zara.com/us/en/woman-dresses-silk-l5288.html,Woman´s Silk Dresses,5288,URL token; internal semantics NOT VERIFIED,WOMAN,INFERRED from route,,NOT VERIFIED,DISCOVERED,PENDING,,,0,,,,0
category:a7edc4b57835246b,https://www.zara.com/us/en/woman-dresses-formal-l1582.html,Formal Dresses,1582,URL token; internal semantics NOT VERIFIED,WOMAN,INFERRED from route,,NOT VERIFIED,DISCOVERED,PENDING,,,0,,,,0
category:89ede178a7c82816,https://www.zara.com/us/en/woman-dresses-a-line-l5473.html,A-Line Dresses,5473,URL token; internal semantics NOT VERIFIED,WOMAN,INFERRED from route,,NOT VERIFIED,DISCOVERED,PENDING,,,0,,,,0
category:c2f9492ee0186589,https://www.zara.com/us/en/woman-dresses-draped-l5471.html,Women’s Draped Dresses,5471,URL token; internal semantics NOT VERIFIED,WOMAN,INFERRED from route,,NOT VERIFIED,DISCOVERED,PENDING,,,0,,,,0
category:cced915010a7c2b5,https://www.zara.com/us/en/woman-dresses-blazer-l2181.html,Women's Blazer Dresses,2181,URL token; internal semantics NOT VERIFIED,WOMAN,INFERRED from route,,NOT VERIFIED,DISCOVERED,PENDING,,,0,,,,0
category:46c737fef66a26fc,https://www.zara.com/us/en/woman-dresses-black-long-l5734.html,LONG BLACK DRESSES,5734,URL token; internal semantics NOT VERIFIED,WOMAN,INFERRED from route,,NOT VERIFIED,DISCOVERED,PENDING,,,0,,,,0
category:9b781a9a1bfcd5e0,https://www.zara.com/us/en/woman-dresses-velvet-l2183.html,Women's Velvet Dresses,2183,URL token; internal semantics NOT VERIFIED,WOMAN,INFERRED from route,,NOT VERIFIED,DISCOVERED,PENDING,,,0,,,,0
category:84dd8a7f9eae0a19,https://www.zara.com/us/en/woman-dresses-summer-l1662.html,Women's Summer Dresses,1662,URL token; internal semantics NOT VERIFIED,WOMAN,INFERRED from route,,NOT VERIFIED,DISCOVERED,PENDING,,,0,,,,0
category:b939226442dfa216,https://www.zara.com/us/en/woman-dresses-flowy-l6561.html,Women’s Flowy Dresses,6561,URL token; internal semantics NOT VERIFIED,WOMAN,INFERRED from route,,NOT VERIFIED,DISCOVERED,PENDING,,,0,,,,0
category:0a7bb9e167179e59,https://www.zara.com/us/en/woman-dresses-gold-l7016.html,Women's Gold Dresses,7016,URL token; internal semantics NOT VERIFIED,WOMAN,INFERRED from route,,NOT VERIFIED,DISCOVERED,PENDING,,,0,,,,0
category:6ca85004c25663fc,https://www.zara.com/us/en/woman-dresses-silver-l7017.html,Women's Silver Dresses,7017,URL token; internal semantics NOT VERIFIED,WOMAN,INFERRED from route,,NOT VERIFIED,DISCOVERED,PENDING,,,0,,,,0
category:d3c6a487cf06468b,https://www.zara.com/us/en/woman-dresses-metallic-l7018.html,Women's Metallic Dresses,7018,URL token; internal semantics NOT VERIFIED,WOMAN,INFERRED from route,,NOT VERIFIED,DISCOVERED,PENDING,,,0,,,,0
category:7ff1bec2925c9c86,https://www.zara.com/us/en/woman-dresses-fall-l6563.html,Women's Autumn Dresses,6563,URL token; internal semantics NOT VERIFIED,WOMAN,INFERRED from route,,NOT VERIFIED,DISCOVERED,PENDING,,,0,,,,0
category:74dbb5d2b9a3544e,https://www.zara.com/us/en/woman-dresses-pinafore-l2182.html,Women's Pinafore & Overall Dresses,2182,URL token; internal semantics NOT VERIFIED,WOMAN,INFERRED from route,,NOT VERIFIED,DISCOVERED,PENDING,,,0,,,,0
category:63816d823735488d,https://www.zara.com/us/en/woman-dresses-plus-l7799.html,Women´s Plus Size Dresses,7799,URL token; internal semantics NOT VERIFIED,WOMAN,INFERRED from route,,NOT VERIFIED,DISCOVERED,PENDING,,,0,,,,0
category:b6a0cf00a2333fc5,https://www.zara.com/us/en/woman-dresses-shirt-l1091.html,Women's Shirt Dresses,1091,URL token; internal semantics NOT VERIFIED,WOMAN,INFERRED from route,,NOT VERIFIED,DISCOVERED,PENDING,,,0,,,,0
category:29e5fac1bfecf16a,https://www.zara.com/us/en/woman-dresses-floral-l1077.html,Women's Floral Dresses,1077,URL token; internal semantics NOT VERIFIED,WOMAN,INFERRED from route,,NOT VERIFIED,DISCOVERED,PENDING,,,0,,,,0
category:b07ba6b7e622920d,https://www.zara.com/us/en/woman-dresses-kaftan-l5733.html,Women's Kaftan Dresses,5733,URL token; internal semantics NOT VERIFIED,WOMAN,INFERRED from route,,NOT VERIFIED,DISCOVERED,PENDING,,,0,,,,0
category:2f5119b0ce450bdb,https://www.zara.com/us/en/woman-dresses-spring-l6562.html,Women's Spring Dresses,6562,URL token; internal semantics NOT VERIFIED,WOMAN,INFERRED from route,,NOT VERIFIED,DISCOVERED,PENDING,,,0,,,,0
category:c8cf2588f7312c69,https://www.zara.com/us/en/woman-outerwear-trench-l1202.html,Women's Trench Coats,1202,URL token; internal semantics NOT VERIFIED,WOMAN,INFERRED from route,,NOT VERIFIED,DISCOVERED,PENDING,,,0,,,,0
category:8fc01a4b9b27d2da,https://www.zara.com/us/en/woman-outerwear-vests-l1204.html,Women's Gilets & Vests,1204,URL token; internal semantics NOT VERIFIED,WOMAN,INFERRED from route,,NOT VERIFIED,DISCOVERED,PENDING,,,0,,,,0
category:308511bb0633822d,https://www.zara.com/us/en/woman-trousers-high-waist-l1779.html,Women's High Waisted Pants,1779,URL token; internal semantics NOT VERIFIED,WOMAN,INFERRED from route,,NOT VERIFIED,DISCOVERED,PENDING,,,0,,,,0
category:4120cf0af0efb754,https://www.zara.com/us/en/woman-trousers-wide-l1360.html,Wide Leg Pants,1360,URL token; internal semantics NOT VERIFIED,WOMAN,INFERRED from route,,NOT VERIFIED,DISCOVERED,PENDING,,,0,,,,0
category:45a4ea43f3604106,https://www.zara.com/us/en/woman-trousers-tailored-l15853.html,Women's Pleated Pants,15853,URL token; internal semantics NOT VERIFIED,WOMAN,INFERRED from route,,NOT VERIFIED,DISCOVERED,PENDING,,,0,,,,0
category:2f99de5eeaa08caf,https://www.zara.com/us/en/woman-trousers-joggers-l1346.html,Women's Joggers,1346,URL token; internal semantics NOT VERIFIED,WOMAN,INFERRED from route,,NOT VERIFIED,DISCOVERED,PENDING,,,0,,,,0
category:6b4593e2c2147cd7,https://www.zara.com/us/en/woman-jeans-high-waist-l1134.html,Women's High Waisted Jeans,1134,URL token; internal semantics NOT VERIFIED,WOMAN,INFERRED from route,,NOT VERIFIED,DISCOVERED,PENDING,,,0,,,,0
category:7e3cf0d3e06fd36f,https://www.zara.com/us/en/woman-jeans-wide-leg-l2241.html,Women's Wide Leg Jeans,2241,URL token; internal semantics NOT VERIFIED,WOMAN,INFERRED from route,,NOT VERIFIED,DISCOVERED,PENDING,,,0,,,,0
category:dca06048f5e4d521,https://www.zara.com/us/en/woman-jeans-regular-l1140.html,Women's Straight Leg Jeans,1140,URL token; internal semantics NOT VERIFIED,WOMAN,INFERRED from route,,NOT VERIFIED,DISCOVERED,PENDING,,,0,,,,0
category:3479ad16a858e1b0,https://www.zara.com/us/en/woman-jeans-flare-l1132.html,Women's Flared Jeans,1132,URL token; internal semantics NOT VERIFIED,WOMAN,INFERRED from route,,NOT VERIFIED,DISCOVERED,PENDING,,,0,,,,0
category:29026c362e120d32,https://www.zara.com/us/en/woman-shirts-blouses-l1221.html,Women's Blouses,1221,URL token; internal semantics NOT VERIFIED,WOMAN,INFERRED from route,,NOT VERIFIED,DISCOVERED,PENDING,,,0,,,,0
category:bf3c889910ed8146,https://www.zara.com/us/en/woman-shirts-satin-l4089.html,Women´s Satin Shirts,4089,URL token; internal semantics NOT VERIFIED,WOMAN,INFERRED from route,,NOT VERIFIED,DISCOVERED,PENDING,,,0,,,,0
category:c494b55445cabd02,https://www.zara.com/us/en/woman-tshirts-long-sleeved-l1373.html,Women's Long Sleeve T-shirts,1373,URL token; internal semantics NOT VERIFIED,WOMAN,INFERRED from route,,NOT VERIFIED,DISCOVERED,PENDING,,,0,,,,0
category:0c976819321c5c82,https://www.zara.com/us/en/woman-tshirts-short-sleeved-l1380.html,Women´s Short Sleeve T-Shirts,1380,URL token; internal semantics NOT VERIFIED,WOMAN,INFERRED from route,,NOT VERIFIED,DISCOVERED,PENDING,,,0,,,,0
category:0f23bb8500b43b3d,https://www.zara.com/us/en/woman-knitwear-sweaters-l1165.html,Women's Sweaters,1165,URL token; internal semantics NOT VERIFIED,WOMAN,INFERRED from route,,NOT VERIFIED,DISCOVERED,PENDING,,,0,,,,0
category:85c872696efa21be,https://www.zara.com/us/en/woman-total-look-beachwear-l18125.html,BEACHWEAR,18125,URL token; internal semantics NOT VERIFIED,WOMAN,INFERRED from route,,NOT VERIFIED,DISCOVERED,PENDING,,,0,,,,0
category:ce7d31441e6f9e47,https://www.zara.com/us/en/woman-co-ords-knit-l6875.html,Women's Knitwear,6875,URL token; internal semantics NOT VERIFIED,WOMAN,INFERRED from route,,NOT VERIFIED,DISCOVERED,PENDING,,,0,,,,0
category:c331eb2cdb42904f,https://www.zara.com/us/en/woman-skirts-l1299.html,Women's Skirts,1299,URL token; internal semantics NOT VERIFIED,WOMAN,INFERRED from route,,NOT VERIFIED,DISCOVERED,PENDING,,,0,,,,0
category:72ff55c2686e33c7,https://www.zara.com/us/en/woman-skirts-midi-l1305.html,Women's Midi Skirts,1305,URL token; internal semantics NOT VERIFIED,WOMAN,INFERRED from route,,NOT VERIFIED,DISCOVERED,PENDING,,,0,,,,0
category:86c2173798278a21,https://www.zara.com/us/en/woman-skirts-mini-l1307.html,Women's Mini Skirts,1307,URL token; internal semantics NOT VERIFIED,WOMAN,INFERRED from route,,NOT VERIFIED,DISCOVERED,PENDING,,,0,,,,0
category:d7d569464aa0e57e,https://www.zara.com/us/en/woman-skirts-denim-l1703.html,Women's Denim Skirts,1703,URL token; internal semantics NOT VERIFIED,WOMAN,INFERRED from route,,NOT VERIFIED,DISCOVERED,PENDING,,,0,,,,0
category:6a5c8cdb02998906,https://www.zara.com/us/en/woman-trousers-shorts-l1355.html,Women's Shorts,1355,URL token; internal semantics NOT VERIFIED,WOMAN,INFERRED from route,,NOT VERIFIED,DISCOVERED,PENDING,,,0,,,,0
category:802633b0ce862039,https://www.zara.com/us/en/woman-shorts-skorts-l1297.html,Women's Skorts,1297,URL token; internal semantics NOT VERIFIED,WOMAN,INFERRED from route,,NOT VERIFIED,DISCOVERED,PENDING,,,0,,,,0
category:7d0144646bee1f6d,https://www.zara.com/us/en/woman-suits-l1437.html,Women's Suits,1437,URL token; internal semantics NOT VERIFIED,WOMAN,INFERRED from route,,NOT VERIFIED,DISCOVERED,PENDING,,,0,,,,0
category:296af2e068220c22,https://www.zara.com/us/en/woman-shoes-heeled-l1271.html,Women's Heeled Shoes,1271,URL token; internal semantics NOT VERIFIED,WOMAN,INFERRED from route,,NOT VERIFIED,DISCOVERED,PENDING,,,0,,,,0
category:51df456251c4986a,https://www.zara.com/us/en/woman-dresses-evening-l1073.html,Women's Evening Dresses,1073,URL token; internal semantics NOT VERIFIED,WOMAN,INFERRED from route,,NOT VERIFIED,DISCOVERED,PENDING,,,0,,,,0
category:a52d2bbd64d8cba2,https://www.zara.com/us/en/woman-fitted-dresses-l19135.html,Fitted Dresses Woman,19135,URL token; internal semantics NOT VERIFIED,WOMAN,INFERRED from route,,NOT VERIFIED,DISCOVERED,PENDING,,,0,,,,0
category:8af8fa7edb568f6a,https://www.zara.com/us/en/woman-new-dresses-l19139.html,New Dresses Woman,19139,URL token; internal semantics NOT VERIFIED,WOMAN,INFERRED from route,,NOT VERIFIED,DISCOVERED,PENDING,,,0,,,,0
category:a0d9fc95aa507977,https://www.zara.com/us/en/woman-strappy-dresses-l19134.html,Strappy Dresses Woman,19134,URL token; internal semantics NOT VERIFIED,WOMAN,INFERRED from route,,NOT VERIFIED,DISCOVERED,PENDING,,,0,,,,0
category:17ff82b2b8c2a189,https://www.zara.com/us/en/woman-black-formal-dresses-l18464.html,Black Formal Dresses Woman,18464,URL token; internal semantics NOT VERIFIED,WOMAN,INFERRED from route,,NOT VERIFIED,DISCOVERED,PENDING,,,0,,,,0
category:05d5443c091a1822,https://www.zara.com/us/en/woman-black-dresses-for-wedding-l18171.html,Black Dresses For Wedding Woman,18171,URL token; internal semantics NOT VERIFIED,WOMAN,INFERRED from route,,NOT VERIFIED,DISCOVERED,PENDING,,,0,,,,0
category:1be0d2d3116b5929,https://www.zara.com/us/en/woman-holiday-dresses-l18899.html,Holiday Dresses Woman,18899,URL token; internal semantics NOT VERIFIED,WOMAN,INFERRED from route,,NOT VERIFIED,DISCOVERED,PENDING,,,0,,,,0
category:2c19efd85b0bf4d3,https://www.zara.com/us/en/woman-white-formal-dresses-l18481.html,White Formal Dresses Woman,18481,URL token; internal semantics NOT VERIFIED,WOMAN,INFERRED from route,,NOT VERIFIED,DISCOVERED,PENDING,,,0,,,,0
category:c83be7fdd0bccc9c,https://www.zara.com/us/en/woman-long-formal-dresses-l18913.html,Long Formal Dresses Woman,18913,URL token; internal semantics NOT VERIFIED,WOMAN,INFERRED from route,,NOT VERIFIED,DISCOVERED,PENDING,,,0,,,,0
category:5a427b6511646d4a,https://www.zara.com/us/en/woman-casual-summer-dresses-l18902.html,Casual Summer Dresses Woman,18902,URL token; internal semantics NOT VERIFIED,WOMAN,INFERRED from route,,NOT VERIFIED,DISCOVERED,PENDING,,,0,,,,0
category:2e465e9d9ec1c14e,https://www.zara.com/us/en/woman-khaki-dresses-l18774.html,Khaki Dresses Woman,18774,URL token; internal semantics NOT VERIFIED,WOMAN,INFERRED from route,,NOT VERIFIED,DISCOVERED,PENDING,,,0,,,,0
category:ce73194e6766579e,https://www.zara.com/us/en/woman-linen-shirt-dresses-l18630.html,Linen Shirt Dresses Woman,18630,URL token; internal semantics NOT VERIFIED,WOMAN,INFERRED from route,,NOT VERIFIED,DISCOVERED,PENDING,,,0,,,,0
category:a843e7d16659b36f,https://www.zara.com/us/en/woman-black-dress-with-sleeves-l18486.html,Black Dress With Sleeves Woman,18486,URL token; internal semantics NOT VERIFIED,WOMAN,INFERRED from route,,NOT VERIFIED,DISCOVERED,PENDING,,,0,,,,0
category:bec2846b32bd8487,https://www.zara.com/us/en/woman-cocktail-dresses-for-wedding-l18777.html,Cocktail Dresses For Wedding Woman,18777,URL token; internal semantics NOT VERIFIED,WOMAN,INFERRED from route,,NOT VERIFIED,DISCOVERED,PENDING,,,0,,,,0
category:9732bfdef43bea16,https://www.zara.com/us/en/woman-white-dress-with-sleeves-l18484.html,White Dress With Sleeves Woman,18484,URL token; internal semantics NOT VERIFIED,WOMAN,INFERRED from route,,NOT VERIFIED,DISCOVERED,PENDING,,,0,,,,0
category:3b758fa957e3e91f,https://www.zara.com/us/en/woman-cocktail-formal-dresses-l18889.html,Cocktail Formal Dresses Woman,18889,URL token; internal semantics NOT VERIFIED,WOMAN,INFERRED from route,,NOT VERIFIED,DISCOVERED,PENDING,,,0,,,,0
category:e02a9f9a66c6eade,https://www.zara.com/us/en/woman-black-and-white-dress-l18415.html,Black And White Dress Woman,18415,URL token; internal semantics NOT VERIFIED,WOMAN,INFERRED from route,,NOT VERIFIED,DISCOVERED,PENDING,,,0,,,,0
category:4ebd25ce6a78b8e3,https://www.zara.com/us/en/woman-formal-wedding-guest-dresses-l18182.html,Formal Wedding Guest Dresses Woman,18182,URL token; internal semantics NOT VERIFIED,WOMAN,INFERRED from route,,NOT VERIFIED,DISCOVERED,PENDING,,,0,,,,0
category:2f4cf2139637e8db,https://www.zara.com/us/en/woman-winter-wedding-guest-dresses-l18168.html,Winter Wedding Guest Dresses Woman,18168,URL token; internal semantics NOT VERIFIED,WOMAN,INFERRED from route,,NOT VERIFIED,DISCOVERED,PENDING,,,0,,,,0
category:b36dbaff7ed69aca,https://www.zara.com/us/en/woman-black-and-white-polka-dot-dress-l18437.html,Black And White Polka Dot Dress Woman,18437,URL token; internal semantics NOT VERIFIED,WOMAN,INFERRED from route,,NOT VERIFIED,DISCOVERED,PENDING,,,0,,,,0
category:81699ec04f53458b,https://www.zara.com/us/en/woman-midi-dress-with-sleeves-l18919.html,Midi Dress With Sleeves Woman,18919,URL token; internal semantics NOT VERIFIED,WOMAN,INFERRED from route,,NOT VERIFIED,DISCOVERED,PENDING,,,0,,,,0
category:dcb8957038241b81,https://www.zara.com/us/en/woman-long-sleeve-mini-dress-l17962.html,Long Sleeve Mini Dress Woman,17962,URL token; internal semantics NOT VERIFIED,WOMAN,INFERRED from route,,NOT VERIFIED,DISCOVERED,PENDING,,,0,,,,0
category:4b3c553ddabd298a,https://www.zara.com/us/en/woman-elegant-white-dresses-l18782.html,Elegant White Dresses Woman,18782,URL token; internal semantics NOT VERIFIED,WOMAN,INFERRED from route,,NOT VERIFIED,DISCOVERED,PENDING,,,0,,,,0
category:70302df9bb9abf2e,https://www.zara.com/us/en/woman-floral-embroidered-dress-l18398.html,Floral Embroidered Dress Woman,18398,URL token; internal semantics NOT VERIFIED,WOMAN,INFERRED from route,,NOT VERIFIED,DISCOVERED,PENDING,,,0,,,,0
category:c5b061b3c0120724,https://www.zara.com/us/en/woman-black-formal-dresses-long-l18948.html,Black Formal Dresses Long Woman,18948,URL token; internal semantics NOT VERIFIED,WOMAN,INFERRED from route,,NOT VERIFIED,DISCOVERED,PENDING,,,0,,,,0
category:22267222c9bae0dd,https://www.zara.com/us/en/woman-summer-office-dresses-l18903.html,Summer Office Dresses Woman,18903,URL token; internal semantics NOT VERIFIED,WOMAN,INFERRED from route,,NOT VERIFIED,DISCOVERED,PENDING,,,0,,,,0
category:c84949c7164be3ee,https://www.zara.com/us/en/woman-a-line-mini-dress-l18079.html,A-line Mini Dress Woman,18079,URL token; internal semantics NOT VERIFIED,WOMAN,INFERRED from route,,NOT VERIFIED,DISCOVERED,PENDING,,,0,,,,0
category:6caf9d515db5a43f,https://www.zara.com/us/en/woman-pink-formal-dress-l18468.html,Pink Formal Dress Woman,18468,URL token; internal semantics NOT VERIFIED,WOMAN,INFERRED from route,,NOT VERIFIED,DISCOVERED,PENDING,,,0,,,,0
category:2f1300e24e2800c9,https://www.zara.com/us/en/woman-wrap-mini-dress-l18112.html,Wrap Mini Dress Woman,18112,URL token; internal semantics NOT VERIFIED,WOMAN,INFERRED from route,,NOT VERIFIED,DISCOVERED,PENDING,,,0,,,,0
category:947a7ae92da2416b,https://www.zara.com/us/en/woman-leopard-print-dress-l18880.html,Leopard Print Dress Woman,18880,URL token; internal semantics NOT VERIFIED,WOMAN,INFERRED from route,,NOT VERIFIED,DISCOVERED,PENDING,,,0,,,,0
category:c51885ff2147079a,https://www.zara.com/us/en/woman-magenta-dress-l18907.html,Magenta Dress Woman,18907,URL token; internal semantics NOT VERIFIED,WOMAN,INFERRED from route,,NOT VERIFIED,DISCOVERED,PENDING,,,0,,,,0
category:2eba643c2ce3634e,https://www.zara.com/us/en/woman-midi-evening-dresses-l18920.html,Midi Evening Dresses Woman,18920,URL token; internal semantics NOT VERIFIED,WOMAN,INFERRED from route,,NOT VERIFIED,DISCOVERED,PENDING,,,0,,,,0
category:1b94e03d927218b6,https://www.zara.com/us/en/woman-work-skirts-l18500.html,Work Skirts Woman,18500,URL token; internal semantics NOT VERIFIED,WOMAN,INFERRED from route,,NOT VERIFIED,DISCOVERED,PENDING,,,0,,,,0
category:61016650da4225c3,https://www.zara.com/us/en/woman-fall-wedding-guest-dresses-l18166.html,Fall Wedding Guest Dresses Woman,18166,URL token; internal semantics NOT VERIFIED,WOMAN,INFERRED from route,,NOT VERIFIED,DISCOVERED,PENDING,,,0,,,,0
category:874fe60bb778f455,https://www.zara.com/us/en/woman-puff-sleeve-mini-dress-l18130.html,Puff Sleeve Mini Dress Woman,18130,URL token; internal semantics NOT VERIFIED,WOMAN,INFERRED from route,,NOT VERIFIED,DISCOVERED,PENDING,,,0,,,,0
category:cc67222106799ade,https://www.zara.com/us/en/woman-long-sleeve-floral-dress-l18392.html,Long Sleeve Floral Dress Woman,18392,URL token; internal semantics NOT VERIFIED,WOMAN,INFERRED from route,,NOT VERIFIED,DISCOVERED,PENDING,,,0,,,,0
category:09223c427e44d765,https://www.zara.com/us/en/woman-sparkly-mini-dress-l18875.html,Sparkly Mini Dress Woman,18875,URL token; internal semantics NOT VERIFIED,WOMAN,INFERRED from route,,NOT VERIFIED,DISCOVERED,PENDING,,,0,,,,0
category:95a117eb2f61b23e,https://www.zara.com/us/en/woman-satin-mini-dress-l18113.html,Satin Mini Dress Woman,18113,URL token; internal semantics NOT VERIFIED,WOMAN,INFERRED from route,,NOT VERIFIED,DISCOVERED,PENDING,,,0,,,,0
category:39a92565b5feebb4,https://www.zara.com/us/en/woman-pink-satin-dress-l18411.html,Pink Satin Dress Woman,18411,URL token; internal semantics NOT VERIFIED,WOMAN,INFERRED from route,,NOT VERIFIED,DISCOVERED,PENDING,,,0,,,,0
category:80bdd96f168045fb,https://www.zara.com/us/en/woman-floral-mini-dress-l17960.html,Floral Mini Dress Woman,17960,URL token; internal semantics NOT VERIFIED,WOMAN,INFERRED from route,,NOT VERIFIED,DISCOVERED,PENDING,,,0,,,,0
category:8ea5401b2cc312c4,https://www.zara.com/us/en/woman-strapless-mini-dress-l18121.html,Strapless Mini Dress Woman,18121,URL token; internal semantics NOT VERIFIED,WOMAN,INFERRED from route,,NOT VERIFIED,DISCOVERED,PENDING,,,0,,,,0
category:63bd10984674603f,https://www.zara.com/us/en/woman-cotton-mini-dress-l18122.html,Cotton Mini Dress Woman,18122,URL token; internal semantics NOT VERIFIED,WOMAN,INFERRED from route,,NOT VERIFIED,DISCOVERED,PENDING,,,0,,,,0
category:b1f38b661b3e4b71,https://www.zara.com/us/en/woman-pink-floral-dress-l18395.html,Pink Floral Dress Woman,18395,URL token; internal semantics NOT VERIFIED,WOMAN,INFERRED from route,,NOT VERIFIED,DISCOVERED,PENDING,,,0,,,,0
category:37f1448bea452a16,https://www.zara.com/us/en/woman-knit-mini-dress-l18118.html,Knit Mini Dress Woman,18118,URL token; internal semantics NOT VERIFIED,WOMAN,INFERRED from route,,NOT VERIFIED,DISCOVERED,PENDING,,,0,,,,0
category:907ab0e77bf7e7bd,https://www.zara.com/us/en/woman-wool-skirt-l18220.html,Wool Skirt Woman,18220,URL token; internal semantics NOT VERIFIED,WOMAN,INFERRED from route,,NOT VERIFIED,DISCOVERED,PENDING,,,0,,,,0
category:c1093ae381054338,https://www.zara.com/us/en/woman-halter-mini-dress-l18109.html,Halter Mini Dress Woman,18109,URL token; internal semantics NOT VERIFIED,WOMAN,INFERRED from route,,NOT VERIFIED,DISCOVERED,PENDING,,,0,,,,0
category:1aa0290ed2bc3f7f,https://www.zara.com/us/en/woman-white-a-line-dress-l18491.html,White A-line Dress Woman,18491,URL token; internal semantics NOT VERIFIED,WOMAN,INFERRED from route,,NOT VERIFIED,DISCOVERED,PENDING,,,0,,,,0
category:2f944dcf76e6553a,https://www.zara.com/us/en/woman-dresses-long-black-l16975.html,Dresses Long Black Woman,16975,URL token; internal semantics NOT VERIFIED,WOMAN,INFERRED from route,,NOT VERIFIED,DISCOVERED,PENDING,,,0,,,,0
category:6c51008f1f3d1e12,https://www.zara.com/us/en/woman-womens-tailored-blazer-l18190.html,Womens Tailored Blazer Woman,18190,URL token; internal semantics NOT VERIFIED,WOMAN,INFERRED from route,,NOT VERIFIED,DISCOVERED,PENDING,,,0,,,,0
category:f505f7125c0f6f67,https://www.zara.com/us/en/woman-off-the-shoulder-mini-dress-l18114.html,Off The Shoulder Mini Dress Woman,18114,URL token; internal semantics NOT VERIFIED,WOMAN,INFERRED from route,,NOT VERIFIED,DISCOVERED,PENDING,,,0,,,,0
category:3c31f1710ab955bd,https://www.zara.com/us/en/woman-long-sleeve-wedding-guest-dresses-l18170.html,Long Sleeve Wedding Guest Dresses Woman,18170,URL token; internal semantics NOT VERIFIED,WOMAN,INFERRED from route,,NOT VERIFIED,DISCOVERED,PENDING,,,0,,,,0
category:d0037aeb52bcf32f,https://www.zara.com/us/en/woman-polka-dot-mini-dress-l18439.html,Polka Dot Mini Dress Woman,18439,URL token; internal semantics NOT VERIFIED,WOMAN,INFERRED from route,,NOT VERIFIED,DISCOVERED,PENDING,,,0,,,,0
category:acbf30a13a48182a,https://www.zara.com/us/en/woman-dark-blue-dress-l18900.html,Dark Blue Dress Woman,18900,URL token; internal semantics NOT VERIFIED,WOMAN,INFERRED from route,,NOT VERIFIED,DISCOVERED,PENDING,,,0,,,,0
category:bcc8bdd16b6180ce,https://www.zara.com/us/en/woman-floral-wedding-guest-dresses-l18183.html,Floral Wedding Guest Dresses Woman,18183,URL token; internal semantics NOT VERIFIED,WOMAN,INFERRED from route,,NOT VERIFIED,DISCOVERED,PENDING,,,0,,,,0
category:5271c49a33ca9e9e,https://www.zara.com/us/en/woman-long-sleeve-knit-dress-l18906.html,Long Sleeve Knit Dress Woman,18906,URL token; internal semantics NOT VERIFIED,WOMAN,INFERRED from route,,NOT VERIFIED,DISCOVERED,PENDING,,,0,,,,0
category:3a22b9d9a9440208,https://www.zara.com/us/en/woman-fall-mini-dress-l18134.html,Fall Mini Dress Woman,18134,URL token; internal semantics NOT VERIFIED,WOMAN,INFERRED from route,,NOT VERIFIED,DISCOVERED,PENDING,,,0,,,,0
category:3ffeca1be818ee93,https://www.zara.com/us/en/woman-black-satin-dress-l18410.html,Black Satin Dress Woman,18410,URL token; internal semantics NOT VERIFIED,WOMAN,INFERRED from route,,NOT VERIFIED,DISCOVERED,PENDING,,,0,,,,0
category:3b77f8ccc46eb67d,https://www.zara.com/us/en/woman-brown-polka-dot-dress-l18438.html,Brown Polka Dot Dress Woman,18438,URL token; internal semantics NOT VERIFIED,WOMAN,INFERRED from route,,NOT VERIFIED,DISCOVERED,PENDING,,,0,,,,0
category:3011d77f6c2da53f,https://www.zara.com/us/en/woman-pink-lace-dress-l18407.html,Pink Lace Dress Woman,18407,URL token; internal semantics NOT VERIFIED,WOMAN,INFERRED from route,,NOT VERIFIED,DISCOVERED,PENDING,,,0,,,,0
category:a65fabbe347fa306,https://www.zara.com/us/en/woman-party-mini-dress-l18115.html,Party Mini Dress Woman,18115,URL token; internal semantics NOT VERIFIED,WOMAN,INFERRED from route,,NOT VERIFIED,DISCOVERED,PENDING,,,0,,,,0
category:7ccb18bb176e1851,https://www.zara.com/us/en/woman-beige-mini-dress-l18133.html,Beige Mini Dress Woman,18133,URL token; internal semantics NOT VERIFIED,WOMAN,INFERRED from route,,NOT VERIFIED,DISCOVERED,PENDING,,,0,,,,0
category:39b177b05e7e9d63,https://www.zara.com/us/en/woman-pink-ruffle-dress-l18434.html,Pink Ruffle Dress Woman,18434,URL token; internal semantics NOT VERIFIED,WOMAN,INFERRED from route,,NOT VERIFIED,DISCOVERED,PENDING,,,0,,,,0
category:9b475912d5dc89be,https://www.zara.com/us/en/woman-denim-mini-dress-l17961.html,Denim Mini Dress Woman,17961,URL token; internal semantics NOT VERIFIED,WOMAN,INFERRED from route,,NOT VERIFIED,DISCOVERED,PENDING,,,0,,,,0
category:8c0ca0a887c7c5e8,https://www.zara.com/us/en/woman-puff-sleeve-midi-dress-l18922.html,Puff Sleeve Midi Dress Woman,18922,URL token; internal semantics NOT VERIFIED,WOMAN,INFERRED from route,,NOT VERIFIED,DISCOVERED,PENDING,,,0,,,,0
category:28025d61221db0a6,https://www.zara.com/us/en/woman-lace-mini-dress-l18116.html,Lace Mini Dress Woman,18116,URL token; internal semantics NOT VERIFIED,WOMAN,INFERRED from route,,NOT VERIFIED,DISCOVERED,PENDING,,,0,,,,0
category:06e88d268d2d1391,https://www.zara.com/us/en/woman-knee-length-skirts-l18230.html,Knee Length Skirts Woman,18230,URL token; internal semantics NOT VERIFIED,WOMAN,INFERRED from route,,NOT VERIFIED,DISCOVERED,PENDING,,,0,,,,0
category:1506f60df667dbb2,https://www.zara.com/us/en/woman-cheetah-print-dress-l18881.html,Cheetah Print Dress Woman,18881,URL token; internal semantics NOT VERIFIED,WOMAN,INFERRED from route,,NOT VERIFIED,DISCOVERED,PENDING,,,0,,,,0
category:344f1c87c35f2e65,https://www.zara.com/us/en/woman-striped-mini-dress-l18127.html,Striped Mini Dress Woman,18127,URL token; internal semantics NOT VERIFIED,WOMAN,INFERRED from route,,NOT VERIFIED,DISCOVERED,PENDING,,,0,,,,0
category:d689bd3a6817f3c0,https://www.zara.com/us/en/woman-blue-and-white-dress-l18485.html,Blue And White Dress Woman,18485,URL token; internal semantics NOT VERIFIED,WOMAN,INFERRED from route,,NOT VERIFIED,DISCOVERED,PENDING,,,0,,,,0
category:28ed6ea20598397d,https://www.zara.com/us/en/woman-dresses-l1066.html?page=2,,1066,URL token; internal semantics NOT VERIFIED,WOMAN,INFERRED from route,,NOT VERIFIED,DISCOVERED,PENDING,,,0,,,,0
category:a90746e9b12ca312,https://www.zara.com/us/en/man-jackets-wind-breaker-l1651.html,Men's Rain Jackets | ZARA United States,1651,URL token; internal semantics NOT VERIFIED,MAN,INFERRED from route,,NOT VERIFIED,LINKS_INSPECTED,PENDING,,,0,,,,0
category:d466f95da1e8eced,https://www.zara.com/us/en/man-jackets-l640.html,view all,640,URL token; internal semantics NOT VERIFIED,MAN,INFERRED from route,,NOT VERIFIED,DISCOVERED,PENDING,,,0,,,,0
category:a5b3626926846f0b,https://www.zara.com/us/en/man-outerwear-padded-l722.html,puffers,722,URL token; internal semantics NOT VERIFIED,MAN,INFERRED from route,,NOT VERIFIED,LINKS_INSPECTED,PENDING,,,0,,,,0
category:61bfa8198472b8bf,https://www.zara.com/us/en/man-outerwear-leather-l4550.html,real leather,4550,URL token; internal semantics NOT VERIFIED,MAN,INFERRED from route,,NOT VERIFIED,DISCOVERED,PENDING,,,0,,,,0
category:97787d9f86820684,https://www.zara.com/us/en/man-jackets-faux-leather-l650.html,leather effect,650,URL token; internal semantics NOT VERIFIED,MAN,INFERRED from route,,NOT VERIFIED,LINKS_INSPECTED,PENDING,,,0,,,,0
category:28187e18bcbcb457,https://www.zara.com/us/en/man-outerwear-vests-l730.html,vests,730,URL token; internal semantics NOT VERIFIED,MAN,INFERRED from route,,NOT VERIFIED,LINKS_INSPECTED,PENDING,,,0,,,,0
category:5069281f29a1ff75,https://www.zara.com/us/en/man-jackets-denim-l648.html,denim,648,URL token; internal semantics NOT VERIFIED,MAN,INFERRED from route,,NOT VERIFIED,LINKS_INSPECTED,PENDING,,,0,,,,0
category:7d11bbc8108fb596,https://www.zara.com/us/en/man-outerwear-rain-l4547.html,water resistant,4547,URL token; internal semantics NOT VERIFIED,MAN,INFERRED from route,,NOT VERIFIED,LINKS_INSPECTED,PENDING,,,0,,,,0
category:37dc724bd80c1c40,https://www.zara.com/us/en/man-jackets-bombers-l645.html,bomber,645,URL token; internal semantics NOT VERIFIED,MAN,INFERRED from route,,NOT VERIFIED,DISCOVERED,PENDING,,,0,,,,0
category:7646b21c5fe650c0,https://www.zara.com/us/en/man-overshirts-l3174.html,overshirts,3174,URL token; internal semantics NOT VERIFIED,MAN,INFERRED from route,,NOT VERIFIED,LINKS_INSPECTED,PENDING,,,0,,,,0
category:24daa9d3ba40a780,https://www.zara.com/us/en/man-jackets-with-hood-l1652.html,hooded jackets,1652,URL token; internal semantics NOT VERIFIED,MAN,INFERRED from route,,NOT VERIFIED,DISCOVERED,PENDING,,,0,,,,0
category:4432feb00c7edf95,https://www.zara.com/us/en/man-must-have-l5015.html,Men's Must Haves,5015,URL token; internal semantics NOT VERIFIED,MAN,INFERRED from route,,NOT VERIFIED,DISCOVERED,PENDING,,,0,,,,0
category:28572a343e2c429d,https://www.zara.com/us/en/man-outgarments-blazers-l17415.html,BLAZERS,17415,URL token; internal semantics NOT VERIFIED,MAN,INFERRED from route,,NOT VERIFIED,DISCOVERED,PENDING,,,0,,,,0
category:fed151a9d65b8ad3,https://www.zara.com/us/en/man-outerwear-trench-l728.html,TRENCH COATS,728,URL token; internal semantics NOT VERIFIED,MAN,INFERRED from route,,NOT VERIFIED,DISCOVERED,PENDING,,,0,,,,0
category:8b8145fc7f2ad196,https://www.zara.com/us/en/man-event-5-l6055.html,BENITO ANTONIO,6055,URL token; internal semantics NOT VERIFIED,MAN,INFERRED from route,,NOT VERIFIED,DISCOVERED,PENDING,,,0,,,,0
category:8c927193a3b40740,https://www.zara.com/us/en/man-jackets-shearling-l4543.html,Men's Shearling Jackets,4543,URL token; internal semantics NOT VERIFIED,MAN,INFERRED from route,,NOT VERIFIED,DISCOVERED,PENDING,,,0,,,,0
category:4fabffd358edf819,https://www.zara.com/us/en/man-event-9-l6657.html,ACTIVEWEAR,6657,URL token; internal semantics NOT VERIFIED,MAN,INFERRED from route,,NOT VERIFIED,DISCOVERED,PENDING,,,0,,,,0
category:7ff51dc7957a0a2c,https://www.zara.com/us/en/man-jackets-red-l2499.html,Men´s Red Jackets,2499,URL token; internal semantics NOT VERIFIED,MAN,INFERRED from route,,NOT VERIFIED,DISCOVERED,PENDING,,,0,,,,0
category:734578e41a3f8fea,https://www.zara.com/us/en/man-jackets-winter-l4541.html,Men's Winter Jackets,4541,URL token; internal semantics NOT VERIFIED,MAN,INFERRED from route,,NOT VERIFIED,DISCOVERED,PENDING,,,0,,,,0
category:0c73b89bcddff9ce,https://www.zara.com/us/en/man-jackets-navy-l2494.html,Men´s Navy and Blue Jackets,2494,URL token; internal semantics NOT VERIFIED,MAN,INFERRED from route,,NOT VERIFIED,DISCOVERED,PENDING,,,0,,,,0
category:7e50906a999ec3af,https://www.zara.com/us/en/man-jackets-white-l2495.html,Men´s White Jackets,2495,URL token; internal semantics NOT VERIFIED,MAN,INFERRED from route,,NOT VERIFIED,DISCOVERED,PENDING,,,0,,,,0
category:d0f80555e2c06f52,https://www.zara.com/us/en/man-jackets-beige-l2497.html,Men´s Beige Jackets,2497,URL token; internal semantics NOT VERIFIED,MAN,INFERRED from route,,NOT VERIFIED,DISCOVERED,PENDING,,,0,,,,0
category:1fd02aa46dd180cf,https://www.zara.com/us/en/woman-jackets-brown-l16768.html,Men´s Brown Jackets,16768,URL token; internal semantics NOT VERIFIED,WOMAN,INFERRED from route,,NOT VERIFIED,DISCOVERED,PENDING,,,0,,,,0
category:37a4fc360fc57a38,https://www.zara.com/us/en/man-jackets-grey-l2498.html,Men´s Grey Jackets,2498,URL token; internal semantics NOT VERIFIED,MAN,INFERRED from route,,NOT VERIFIED,DISCOVERED,PENDING,,,0,,,,0
category:54cdda3c354f0d77,https://www.zara.com/us/en/man-jackets-biker-l1653.html,Men's Biker Jackets,1653,URL token; internal semantics NOT VERIFIED,MAN,INFERRED from route,,NOT VERIFIED,DISCOVERED,PENDING,,,0,,,,0
category:d3dcf6c68807049d,https://www.zara.com/us/en/man-jackets-quilted-l2491.html,Men´s Quilted Jackets and Coats,2491,URL token; internal semantics NOT VERIFIED,MAN,INFERRED from route,,NOT VERIFIED,DISCOVERED,PENDING,,,0,,,,0
category:93bb337d27e06b4d,https://www.zara.com/us/en/man-jackets-faux-suede-l1447.html,Men's Suede Jackets,1447,URL token; internal semantics NOT VERIFIED,MAN,INFERRED from route,,NOT VERIFIED,DISCOVERED,PENDING,,,0,,,,0
category:5c7dd0615b3b0aa8,https://www.zara.com/us/en/man-jackets-green-l4542.html,Men's Green Jackets,4542,URL token; internal semantics NOT VERIFIED,MAN,INFERRED from route,,NOT VERIFIED,DISCOVERED,PENDING,,,0,,,,0
category:eb5bae8f1b82f340,https://www.zara.com/us/en/man-jackets-casual-l646.html,Men's Casual Jackets,646,URL token; internal semantics NOT VERIFIED,MAN,INFERRED from route,,NOT VERIFIED,DISCOVERED,PENDING,,,0,,,,0
category:2b6d0cbeb1053c3c,https://www.zara.com/us/en/man-jackets-leather-l652.html,Men's Leather Jackets and Coats,652,URL token; internal semantics NOT VERIFIED,MAN,INFERRED from route,,NOT VERIFIED,DISCOVERED,PENDING,,,0,,,,0
category:b4a263e99cecb697,https://www.zara.com/us/en/man-jackets-special-prices-l658.html,SPECIAL PRICES,658,URL token; internal semantics NOT VERIFIED,MAN,INFERRED from route,,NOT VERIFIED,DISCOVERED,PENDING,,,0,,,,0
category:c02c58555d24d51a,https://www.zara.com/us/en/man-jeans-l659.html,Men's Jeans,659,URL token; internal semantics NOT VERIFIED,MAN,INFERRED from route,,NOT VERIFIED,LINKS_INSPECTED,PENDING,,,0,,,,0
category:51722dd38abdd1cb,https://www.zara.com/us/en/man-outerwear-l715.html,Men's Coats,715,URL token; internal semantics NOT VERIFIED,MAN,INFERRED from route,,NOT VERIFIED,LINKS_INSPECTED,PENDING,,,0,,,,0
category:b8f2003d5b630a6d,https://www.zara.com/us/en/man-knitwear-l681.html,Men's Knitwear,681,URL token; internal semantics NOT VERIFIED,MAN,INFERRED from route,,NOT VERIFIED,DISCOVERED,PENDING,,,0,,,,0
category:31967ffd8526d619,https://www.zara.com/us/en/man-sweatshirts-l821.html,Men´s Sweatshirts,821,URL token; internal semantics NOT VERIFIED,MAN,INFERRED from route,,NOT VERIFIED,DISCOVERED,PENDING,,,0,,,,0
category:ef79297b7a465839,https://www.zara.com/us/en/man-suits-l808.html,Men's Suits,808,URL token; internal semantics NOT VERIFIED,MAN,INFERRED from route,,NOT VERIFIED,LINKS_INSPECTED,PENDING,,,0,,,,0
category:de8b8e048badf9de,https://www.zara.com/us/en/man-shoes-l769.html,Men´s Shoes,769,URL token; internal semantics NOT VERIFIED,MAN,INFERRED from route,,NOT VERIFIED,DISCOVERED,PENDING,,,0,,,,0
category:92d87157bfe4c137,https://www.zara.com/us/en/man-shoes-moccasins-l789.html,Men´s Loafers,789,URL token; internal semantics NOT VERIFIED,MAN,INFERRED from route,,NOT VERIFIED,LINKS_INSPECTED,PENDING,,,0,,,,0
category:d9d8e46557c98bec,https://www.zara.com/us/en/man-shoes-sneakers-l797.html,Men´s Sneakers,797,URL token; internal semantics NOT VERIFIED,MAN,INFERRED from route,,NOT VERIFIED,LINKS_INSPECTED,PENDING,,,0,,,,0
category:5d492e64a36987f3,https://www.zara.com/us/en/man-shoes-boots-l781.html,Men´s Boots,781,URL token; internal semantics NOT VERIFIED,MAN,INFERRED from route,,NOT VERIFIED,LINKS_INSPECTED,PENDING,,,0,,,,0
category:e571a2bc5f5180d9,https://www.zara.com/us/en/man-bags-l563.html,Men´s Bags,563,URL token; internal semantics NOT VERIFIED,MAN,INFERRED from route,,NOT VERIFIED,LINKS_INSPECTED,PENDING,,,0,,,,0
category:5f56f3c1ba2c98ca,https://www.zara.com/us/en/man-jackets-wind-breaker-l1651.html?page=2,,1651,URL token; internal semantics NOT VERIFIED,MAN,INFERRED from route,,NOT VERIFIED,DISCOVERED,PENDING,,,0,,,,0
category:5fef2668deb47355,https://www.zara.com/us/en/man-shirts-floral-l1657.html,Men's Floral Shirts | ZARA United States,1657,URL token; internal semantics NOT VERIFIED,MAN,INFERRED from route,,NOT VERIFIED,LINKS_INSPECTED,PENDING,,,0,,,,0
category:25c9417fba67de39,https://www.zara.com/us/en/man-shirts-l737.html,view all,737,URL token; internal semantics NOT VERIFIED,MAN,INFERRED from route,,NOT VERIFIED,LINKS_INSPECTED,PENDING,,,0,,,,26
category:fddee08b1d9b3ebb,https://www.zara.com/us/en/man-shirts-formal-l751.html,dress shirts,751,URL token; internal semantics NOT VERIFIED,MAN,INFERRED from route,,NOT VERIFIED,LINKS_INSPECTED,PENDING,,,0,,,,0
category:d280084976e53695,https://www.zara.com/us/en/man-shirts-linen-l754.html,linen,754,URL token; internal semantics NOT VERIFIED,MAN,INFERRED from route,,NOT VERIFIED,LINKS_INSPECTED,PENDING,,,0,,,,0
category:467fd38657bfd668,https://www.zara.com/us/en/man-shirts-denim-l748.html,denim,748,URL token; internal semantics NOT VERIFIED,MAN,INFERRED from route,,NOT VERIFIED,LINKS_INSPECTED,PENDING,,,0,,,,0
category:7f82aadbde310d6e,https://www.zara.com/us/en/man-shirts-printed-l759.html,graphic | printed,759,URL token; internal semantics NOT VERIFIED,MAN,INFERRED from route,,NOT VERIFIED,LINKS_INSPECTED,PENDING,,,0,,,,0
category:c09015cfe6a984fd,https://www.zara.com/us/en/man-shirts-short-sleeved-l762.html,short sleeve,762,URL token; internal semantics NOT VERIFIED,MAN,INFERRED from route,,NOT VERIFIED,LINKS_INSPECTED,PENDING,,,0,,,,0
category:2c4a5863c813b5ee,https://www.zara.com/us/en/man-shirts-casual-l743.html,casual,743,URL token; internal semantics NOT VERIFIED,MAN,INFERRED from route,,NOT VERIFIED,LINKS_INSPECTED,PENDING,,,0,,,,0
category:e5bea6e3867aa001,https://www.zara.com/us/en/man-shirts-long-sleeved-l1784.html,long-sleeved,1784,URL token; internal semantics NOT VERIFIED,MAN,INFERRED from route,,NOT VERIFIED,LINKS_INSPECTED,PENDING,,,0,,,,0
category:9b53282c363d9d71,https://www.zara.com/us/en/man-shirts-plain-l757.html,SOLID,757,URL token; internal semantics NOT VERIFIED,MAN,INFERRED from route,,NOT VERIFIED,LINKS_INSPECTED,PENDING,,,0,,,,0
category:5a9cf10d56051d37,https://www.zara.com/us/en/man-shirts-check-l745.html,Men's Checked Shirts,745,URL token; internal semantics NOT VERIFIED,MAN,INFERRED from route,,NOT VERIFIED,LINKS_INSPECTED,PENDING,,,0,,,,0
category:7e78d3be6d7c9174,https://www.zara.com/us/en/man-shirts-white-l1753.html,White Shirts Men,1753,URL token; internal semantics NOT VERIFIED,MAN,INFERRED from route,,NOT VERIFIED,LINKS_INSPECTED,PENDING,,,0,,,,0
category:5f59c07a6fd1725b,https://www.zara.com/us/en/man-shirts-basics-l741.html,BASICS,741,URL token; internal semantics NOT VERIFIED,MAN,INFERRED from route,,NOT VERIFIED,LINKS_INSPECTED,PENDING,,,0,,,,0
category:c596c1e2efebefde,https://www.zara.com/us/en/man-shirts-striped-l766.html,Men's Striped Shirts,766,URL token; internal semantics NOT VERIFIED,MAN,INFERRED from route,,NOT VERIFIED,LINKS_INSPECTED,PENDING,,,0,,,,0
category:2e610c19e30d8431,https://www.zara.com/us/en/man-shirts-corduroy-l2517.html,Men's Corduroy Shirts,2517,URL token; internal semantics NOT VERIFIED,MAN,INFERRED from route,,NOT VERIFIED,LINKS_INSPECTED,PENDING,,,0,,,,0
category:12f261f83e72a881,https://www.zara.com/us/en/man-shirts-mao-l755.html,Men's Mandarin Collar Shirts,755,URL token; internal semantics NOT VERIFIED,MAN,INFERRED from route,,NOT VERIFIED,LINKS_INSPECTED,PENDING,,,0,,,,0
category:c5ab2427ffab4133,https://www.zara.com/us/en/man-shirts-black-l2515.html,Men's Black Shirts,2515,URL token; internal semantics NOT VERIFIED,MAN,INFERRED from route,,NOT VERIFIED,LINKS_INSPECTED,PENDING,,,0,,,,0
category:25247cba85667883,https://www.zara.com/us/en/man-shirts-blue-l2516.html,Men's Blue Shirts,2516,URL token; internal semantics NOT VERIFIED,MAN,INFERRED from route,,NOT VERIFIED,LINKS_INSPECTED,PENDING,,,0,,,,0
category:90cc12c57e779476,https://www.zara.com/us/en/man-shirts-slim-l763.html,Men's Slim Fit Shirts,763,URL token; internal semantics NOT VERIFIED,MAN,INFERRED from route,,NOT VERIFIED,LINKS_INSPECTED,PENDING,,,0,,,,0
category:4618ddd0488f15c7,https://www.zara.com/us/en/man-shirts-flannel-l4055.html,Men's Flannel Shirts,4055,URL token; internal semantics NOT VERIFIED,MAN,INFERRED from route,,NOT VERIFIED,LINKS_INSPECTED,PENDING,,,0,,,,0
category:67ae6741c8034dac,https://www.zara.com/us/en/man-shirts-summer-l4172.html,Men´s Summer Shirts,4172,URL token; internal semantics NOT VERIFIED,MAN,INFERRED from route,,NOT VERIFIED,LINKS_INSPECTED,PENDING,,,0,,,,0
category:e16bc65c15899d9d,https://www.zara.com/us/en/man-shirts-dress-l4571.html,Men's Dress Shirts,4571,URL token; internal semantics NOT VERIFIED,MAN,INFERRED from route,,NOT VERIFIED,LINKS_INSPECTED,PENDING,,,0,,,,0
category:e1c79596ba9ed8b8,https://www.zara.com/us/en/man-shirts-oversize-l5523.html,Men's Oversized Shirts,5523,URL token; internal semantics NOT VERIFIED,MAN,INFERRED from route,,NOT VERIFIED,LINKS_INSPECTED,PENDING,,,0,,,,0
category:3d9f64d13a5e5b9c,https://www.zara.com/us/en/man-shirts-white-l1753.html?page=2,,1753,URL token; internal semantics NOT VERIFIED,MAN,INFERRED from route,,NOT VERIFIED,DISCOVERED,PENDING,,,0,,,,0
category:2283ed614bb5fe78,https://www.zara.com/us/en/man-shirts-long-sleeved-l1784.html?page=2,,1784,URL token; internal semantics NOT VERIFIED,MAN,INFERRED from route,,NOT VERIFIED,DISCOVERED,PENDING,,,0,,,,0
category:42dead6ace626e8c,https://www.zara.com/us/en/man-shirts-black-l2515.html?page=2,,2515,URL token; internal semantics NOT VERIFIED,MAN,INFERRED from route,,NOT VERIFIED,DISCOVERED,PENDING,,,0,,,,0
category:62c9ea812ac9a762,https://www.zara.com/us/en/man-shirts-blue-l2516.html?page=2,,2516,URL token; internal semantics NOT VERIFIED,MAN,INFERRED from route,,NOT VERIFIED,DISCOVERED,PENDING,,,0,,,,0
category:d4efe5de60650ba8,https://www.zara.com/us/en/man-overshirts-l3174.html?page=2,,3174,URL token; internal semantics NOT VERIFIED,MAN,INFERRED from route,,NOT VERIFIED,DISCOVERED,PENDING,,,0,,,,0
category:495c7ed667b04858,https://www.zara.com/us/en/man-shirts-summer-l4172.html?page=2,,4172,URL token; internal semantics NOT VERIFIED,MAN,INFERRED from route,,NOT VERIFIED,DISCOVERED,PENDING,,,0,,,,0
category:19a6dd94aa39230b,https://www.zara.com/us/en/man-bags-leather-l579.html,leather,579,URL token; internal semantics NOT VERIFIED,MAN,INFERRED from route,,NOT VERIFIED,DISCOVERED,PENDING,,,0,,,,0
category:fdc035fdb36342c2,https://www.zara.com/us/en/man-bags-travel-l584.html,travel,584,URL token; internal semantics NOT VERIFIED,MAN,INFERRED from route,,NOT VERIFIED,DISCOVERED,PENDING,,,0,,,,0
category:691788d11fdcf9d3,https://www.zara.com/us/en/man-bags-wallets-l586.html,wallets | accesories,586,URL token; internal semantics NOT VERIFIED,MAN,INFERRED from route,,NOT VERIFIED,DISCOVERED,PENDING,,,0,,,,0
category:76993baa294b3f9f,https://www.zara.com/us/en/man-bags-backpacks-l565.html,backpacks,565,URL token; internal semantics NOT VERIFIED,MAN,INFERRED from route,,NOT VERIFIED,DISCOVERED,PENDING,,,0,,,,0
category:686ddf6afb5d4c49,https://www.zara.com/us/en/man-bags-garment-bag-l5060.html,bags,5060,URL token; internal semantics NOT VERIFIED,MAN,INFERRED from route,,NOT VERIFIED,DISCOVERED,PENDING,,,0,,,,0
category:7e38fb1089d772c5,https://www.zara.com/us/en/man-bags-crossbody-l573.html,crossbody bags,573,URL token; internal semantics NOT VERIFIED,MAN,INFERRED from route,,NOT VERIFIED,DISCOVERED,PENDING,,,0,,,,0
category:575bce77fecfb568,https://www.zara.com/us/en/man-bags-large-l578.html,large bags,578,URL token; internal semantics NOT VERIFIED,MAN,INFERRED from route,,NOT VERIFIED,DISCOVERED,PENDING,,,0,,,,0
category:f801c3b930f43b0d,https://www.zara.com/us/en/man-bags-business-l571.html,business bags,571,URL token; internal semantics NOT VERIFIED,MAN,INFERRED from route,,NOT VERIFIED,DISCOVERED,PENDING,,,0,,,,0
category:6e92465cde5cc815,https://www.zara.com/us/en/man-bags-handbags-l5378.html,Men's Bags,5378,URL token; internal semantics NOT VERIFIED,MAN,INFERRED from route,,NOT VERIFIED,DISCOVERED,PENDING,,,0,,,,0
category:4049c58824c38795,https://www.zara.com/us/en/man-bags-suitcases-l5061.html,SUITCASES,5061,URL token; internal semantics NOT VERIFIED,MAN,INFERRED from route,,NOT VERIFIED,DISCOVERED,PENDING,,,0,,,,0
category:6ea736b2bea7bc6b,https://www.zara.com/us/en/man-training-bags-l19349.html,GYM BAGS,19349,URL token; internal semantics NOT VERIFIED,MAN,INFERRED from route,,NOT VERIFIED,DISCOVERED,PENDING,,,0,,,,0
category:883a0d42b3ca4a98,https://www.zara.com/us/en/man-bags-portfolio-l5056.html,BRIEFCASES,5056,URL token; internal semantics NOT VERIFIED,MAN,INFERRED from route,,NOT VERIFIED,DISCOVERED,PENDING,,,0,,,,0
category:a834a1e4069ceb36,https://www.zara.com/us/en/man-bags-leather-wallet-l5059.html,LEATHER WALLETS,5059,URL token; internal semantics NOT VERIFIED,MAN,INFERRED from route,,NOT VERIFIED,DISCOVERED,PENDING,,,0,,,,0
category:376a52d4e95d541b,https://www.zara.com/us/en/man-bags-toiletry-bag-l5036.html,TOILETRY BAGS,5036,URL token; internal semantics NOT VERIFIED,MAN,INFERRED from route,,NOT VERIFIED,DISCOVERED,PENDING,,,0,,,,0
category:0fdce009e67eb18c,https://www.zara.com/us/en/man-bags-clutch-bag-l19319.html,CLUTCHES,19319,URL token; internal semantics NOT VERIFIED,MAN,INFERRED from route,,NOT VERIFIED,DISCOVERED,PENDING,,,0,,,,0
category:1edcfef629b642eb,https://www.zara.com/us/en/man-bags-handbag-l5033.html,BAG,5033,URL token; internal semantics NOT VERIFIED,MAN,INFERRED from route,,NOT VERIFIED,DISCOVERED,PENDING,,,0,,,,0
category:6c4c161f59dae123,https://www.zara.com/us/en/man-bags-cardholder-l5058.html,CARD HOLDERS,5058,URL token; internal semantics NOT VERIFIED,MAN,INFERRED from route,,NOT VERIFIED,DISCOVERED,PENDING,,,0,,,,0
category:4a73d0ffb2114821,https://www.zara.com/us/en/man-bags-tote-l5032.html,TOTE BAGS,5032,URL token; internal semantics NOT VERIFIED,MAN,INFERRED from route,,NOT VERIFIED,DISCOVERED,PENDING,,,0,,,,0
category:b7431cbee5c0fcf6,https://www.zara.com/us/en/man-bags-summer-l4497.html,Men's Summer Bags,4497,URL token; internal semantics NOT VERIFIED,MAN,INFERRED from route,,NOT VERIFIED,DISCOVERED,PENDING,,,0,,,,0
category:237a07244d3ae02e,https://www.zara.com/us/en/man-bags-fanny-pack-l5035.html,BELT BAGS,5035,URL token; internal semantics NOT VERIFIED,MAN,INFERRED from route,,NOT VERIFIED,DISCOVERED,PENDING,,,0,,,,0
category:33ef15e54b045ae6,https://www.zara.com/us/en/man-bags-l563.html?page=2,,563,URL token; internal semantics NOT VERIFIED,MAN,INFERRED from route,,NOT VERIFIED,DISCOVERED,PENDING,,,0,,,,0
category:8d4e81f4b620cdcc,https://www.zara.com/us/en/man-jackets-black-l2570.html,black jacket,2570,URL token; internal semantics NOT VERIFIED,MAN,INFERRED from route,,NOT VERIFIED,DISCOVERED,PENDING,,,0,,,,0
category:dba9c107518a1632,https://www.zara.com/us/en/man-jackets-sport-l4078.html,casual wear,4078,URL token; internal semantics NOT VERIFIED,MAN,INFERRED from route,,NOT VERIFIED,DISCOVERED,PENDING,,,0,,,,0
category:2d1aa939f9529801,https://www.zara.com/us/en/man-jackets-denim-l648.html?page=2,,648,URL token; internal semantics NOT VERIFIED,MAN,INFERRED from route,,NOT VERIFIED,DISCOVERED,PENDING,,,0,,,,0
category:59ffc35717e82d31,https://www.zara.com/us/en/man-jackets-brown-l2496.html,brown,2496,URL token; internal semantics NOT VERIFIED,MAN,INFERRED from route,,NOT VERIFIED,DISCOVERED,PENDING,,,0,,,,0
category:ff859f79b481a2b2,https://www.zara.com/us/en/man-jackets-faux-leather-l650.html?page=2,,650,URL token; internal semantics NOT VERIFIED,MAN,INFERRED from route,,NOT VERIFIED,DISCOVERED,PENDING,,,0,,,,0
category:95e5cfecdb516acf,https://www.zara.com/us/en/man-knitwear-l681.html?v1=2432265,Men's Knitwear | ZARA United States,681,URL token; internal semantics NOT VERIFIED,MAN,INFERRED from route,,NOT VERIFIED,LINKS_INSPECTED,PENDING,,,0,,,,0
category:7a752eb68f1cae0e,https://www.zara.com/us/en/man-knitwear-basics-l683.html,basics,683,URL token; internal semantics NOT VERIFIED,MAN,INFERRED from route,,NOT VERIFIED,DISCOVERED,PENDING,,,0,,,,0
category:e632f55b0d5079fa,https://www.zara.com/us/en/man-knitwear-long-sleeve-l15978.html,long sleeve,15978,URL token; internal semantics NOT VERIFIED,MAN,INFERRED from route,,NOT VERIFIED,DISCOVERED,PENDING,,,0,,,,0
category:8d250ac17ea28fc3,https://www.zara.com/us/en/man-knitwear-short-sleeved-l698.html,short sleeve,698,URL token; internal semantics NOT VERIFIED,MAN,INFERRED from route,,NOT VERIFIED,DISCOVERED,PENDING,,,0,,,,0
category:821995052cd71215,https://www.zara.com/us/en/man-linen-sweaters-l17547.html,linen | hemp,17547,URL token; internal semantics NOT VERIFIED,MAN,INFERRED from route,,NOT VERIFIED,DISCOVERED,PENDING,,,0,,,,0
category:2d49f486bd2ed5b0,https://www.zara.com/us/en/man-polos-knitwear-l1701.html,polos,1701,URL token; internal semantics NOT VERIFIED,MAN,INFERRED from route,,NOT VERIFIED,DISCOVERED,PENDING,,,0,,,,0
category:edf74258aea68d6d,https://www.zara.com/us/en/man-knitwear-cardigans-l685.html,cardigans,685,URL token; internal semantics NOT VERIFIED,MAN,INFERRED from route,,NOT VERIFIED,DISCOVERED,PENDING,,,0,,,,0
category:d9696bea43959cb4,https://www.zara.com/us/en/man-knitwear-plain-l694.html,plain,694,URL token; internal semantics NOT VERIFIED,MAN,INFERRED from route,,NOT VERIFIED,DISCOVERED,PENDING,,,0,,,,0
category:bbe22ad06abeeb73,https://www.zara.com/us/en/man-sweaters-stripes-l18764.html,stripes,18764,URL token; internal semantics NOT VERIFIED,MAN,INFERRED from route,,NOT VERIFIED,DISCOVERED,PENDING,,,0,,,,0
category:59b71b7f3cba026f,https://www.zara.com/us/en/man-sweaters-henley-l17765.html,henley,17765,URL token; internal semantics NOT VERIFIED,MAN,INFERRED from route,,NOT VERIFIED,DISCOVERED,PENDING,,,0,,,,0
category:2fd2524a9b1dd71b,https://www.zara.com/us/en/man-knitwear-quarter-zip-l7129.html,quarter zip,7129,URL token; internal semantics NOT VERIFIED,MAN,INFERRED from route,,NOT VERIFIED,DISCOVERED,PENDING,,,0,,,,0
category:9d2200b6160148da,https://www.zara.com/us/en/man-knitwear-casual-l689.html,casual,689,URL token; internal semantics NOT VERIFIED,MAN,INFERRED from route,,NOT VERIFIED,DISCOVERED,PENDING,,,0,,,,0
category:3a48f9c2d568b2bc,https://www.zara.com/us/en/man-knitwear-vneck-l2523.html,v-neck,2523,URL token; internal semantics NOT VERIFIED,MAN,INFERRED from route,,NOT VERIFIED,DISCOVERED,PENDING,,,0,,,,0
category:f8f9710b43e07408,https://www.zara.com/us/en/man-knitwear-crewneck-l2522.html,crew-neck,2522,URL token; internal semantics NOT VERIFIED,MAN,INFERRED from route,,NOT VERIFIED,DISCOVERED,PENDING,,,0,,,,0
category:020b9b86d6e16443,https://www.zara.com/us/en/man-knitwear-sweaters-l701.html,sweaters,701,URL token; internal semantics NOT VERIFIED,MAN,INFERRED from route,,NOT VERIFIED,DISCOVERED,PENDING,,,0,,,,0
category:b1d2c0ce125c6d18,https://www.zara.com/us/en/man-knitwear-vest-l4384.html,Men´s Vest,4384,URL token; internal semantics NOT VERIFIED,MAN,INFERRED from route,,NOT VERIFIED,DISCOVERED,PENDING,,,0,,,,0
category:846cf17ed47850d4,https://www.zara.com/us/en/man-knitwear-turtleneck-l2518.html,Men's Turtlenecks Sweaters,2518,URL token; internal semantics NOT VERIFIED,MAN,INFERRED from route,,NOT VERIFIED,DISCOVERED,PENDING,,,0,,,,0
category:6ab8bd534d27c530,https://www.zara.com/us/en/man-knitwear-cashmere-l687.html,Men's Cashmere Sweaters,687,URL token; internal semantics NOT VERIFIED,MAN,INFERRED from route,,NOT VERIFIED,DISCOVERED,PENDING,,,0,,,,0
category:55f9e2d28d9cc83c,https://www.zara.com/us/en/man-knitwear-blue-l4570.html,Men's Blue Sweaters,4570,URL token; internal semantics NOT VERIFIED,MAN,INFERRED from route,,NOT VERIFIED,DISCOVERED,PENDING,,,0,,,,0
category:38bc8882fbd58b3d,https://www.zara.com/us/en/man-knitwear-beige-l4552.html,Men's Beige Sweater,4552,URL token; internal semantics NOT VERIFIED,MAN,INFERRED from route,,NOT VERIFIED,DISCOVERED,PENDING,,,0,,,,0
category:1472a70685109e9b,https://www.zara.com/us/en/man-knitwear-grey-l4554.html,Men's Gray Sweaters,4554,URL token; internal semantics NOT VERIFIED,MAN,INFERRED from route,,NOT VERIFIED,DISCOVERED,PENDING,,,0,,,,0
category:9575ffcb4f8104f6,https://www.zara.com/us/en/man-knitwear-chunky-l4555.html,Men's Chunky Sweaters,4555,URL token; internal semantics NOT VERIFIED,MAN,INFERRED from route,,NOT VERIFIED,DISCOVERED,PENDING,,,0,,,,0
category:3510bf5cf26ec531,https://www.zara.com/us/en/man-knitwear-l681.html?page=2,,681,URL token; internal semantics NOT VERIFIED,MAN,INFERRED from route,,NOT VERIFIED,DISCOVERED,PENDING,,,0,,,,0
category:aabdae03b998407c,https://www.zara.com/us/en/man-jackets-lightweight-l2492.html,lightweight,2492,URL token; internal semantics NOT VERIFIED,MAN,INFERRED from route,,NOT VERIFIED,DISCOVERED,PENDING,,,0,,,,0
category:7993f8a2faf2396d,https://www.zara.com/us/en/man-shirts-casual-l743.html?page=2,,743,URL token; internal semantics NOT VERIFIED,MAN,INFERRED from route,,NOT VERIFIED,DISCOVERED,PENDING,,,0,,,,0
category:dfbe0cd4554311ce,https://www.zara.com/us/en/man-shirts-check-l745.html?page=2,,745,URL token; internal semantics NOT VERIFIED,MAN,INFERRED from route,,NOT VERIFIED,DISCOVERED,PENDING,,,0,,,,0
category:04521d782e930967,https://www.zara.com/us/en/man-shirts-denim-l748.html?page=2,,748,URL token; internal semantics NOT VERIFIED,MAN,INFERRED from route,,NOT VERIFIED,DISCOVERED,PENDING,,,0,,,,0
category:96a1c3d7c881b5df,https://www.zara.com/us/en/man-shirts-linen-l754.html?page=2,,754,URL token; internal semantics NOT VERIFIED,MAN,INFERRED from route,,NOT VERIFIED,DISCOVERED,PENDING,,,0,,,,0
category:b96de1c117d82813,https://www.zara.com/us/en/man-shirts-plain-l757.html?page=2,,757,URL token; internal semantics NOT VERIFIED,MAN,INFERRED from route,,NOT VERIFIED,DISCOVERED,PENDING,,,0,,,,0
category:666065586ca85c71,https://www.zara.com/us/en/man-shirts-printed-l759.html?page=2,,759,URL token; internal semantics NOT VERIFIED,MAN,INFERRED from route,,NOT VERIFIED,DISCOVERED,PENDING,,,0,,,,0
category:2259ec24b277841f,https://www.zara.com/us/en/man-shirts-short-sleeved-l762.html?page=2,,762,URL token; internal semantics NOT VERIFIED,MAN,INFERRED from route,,NOT VERIFIED,DISCOVERED,PENDING,,,0,,,,0
category:792551b4c1e94e3f,https://www.zara.com/us/en/man-shoes-laceup-l4378.html,shoes,4378,URL token; internal semantics NOT VERIFIED,MAN,INFERRED from route,,NOT VERIFIED,DISCOVERED,PENDING,,,0,,,,0
category:f5a2eb6c30f555a8,https://www.zara.com/us/en/man-shoes-barefoot-l17530.html,barefoot,17530,URL token; internal semantics NOT VERIFIED,MAN,INFERRED from route,,NOT VERIFIED,DISCOVERED,PENDING,,,0,,,,0
category:31d8ff83360da984,https://www.zara.com/us/en/man-shoes-sandals-l794.html,clogs | sandals,794,URL token; internal semantics NOT VERIFIED,MAN,INFERRED from route,,NOT VERIFIED,DISCOVERED,PENDING,,,0,,,,0
category:6488d0997b0b950c,https://www.zara.com/us/en/man-shoes-leather-l788.html,leather,788,URL token; internal semantics NOT VERIFIED,MAN,INFERRED from route,,NOT VERIFIED,DISCOVERED,PENDING,,,0,,,,0
category:a36d6277c49ec188,https://www.zara.com/us/en/man-shoes-formal-l17531.html,DRESS SHOES,17531,URL token; internal semantics NOT VERIFIED,MAN,INFERRED from route,,NOT VERIFIED,DISCOVERED,PENDING,,,0,,,,0
category:cf0690a7e7d5bdc0,https://www.zara.com/us/en/man-shoes-penny-loafers-l19172.html,RUCHED LOAFERS,19172,URL token; internal semantics NOT VERIFIED,MAN,INFERRED from route,,NOT VERIFIED,DISCOVERED,PENDING,,,0,,,,0
category:f8638fc754084c48,https://www.zara.com/us/en/man-shoes-leather-loafers-l5018.html,LEATHER LOAFERS,5018,URL token; internal semantics NOT VERIFIED,MAN,INFERRED from route,,NOT VERIFIED,DISCOVERED,PENDING,,,0,,,,0
category:2935fd6bba34b7a0,https://www.zara.com/us/en/man-shoes-black-l2566.html,Men´s Black Shoes,2566,URL token; internal semantics NOT VERIFIED,MAN,INFERRED from route,,NOT VERIFIED,DISCOVERED,PENDING,,,0,,,,0
category:e98d696997f0b175,https://www.zara.com/us/en/man-shoes-clogs-l4674.html,CLOGS,4674,URL token; internal semantics NOT VERIFIED,MAN,INFERRED from route,,NOT VERIFIED,DISCOVERED,PENDING,,,0,,,,0
category:d51b793e8fd18716,https://www.zara.com/us/en/man-shoes-basic-sneakers-l19332.html,BASIC SNEAKERS,19332,URL token; internal semantics NOT VERIFIED,MAN,INFERRED from route,,NOT VERIFIED,DISCOVERED,PENDING,,,0,,,,0
category:e31cf7812ab69c06,https://www.zara.com/us/en/man-running-sneakers-l19311.html,RUNNING SHOES,19311,URL token; internal semantics NOT VERIFIED,MAN,INFERRED from route,,NOT VERIFIED,DISCOVERED,PENDING,,,0,,,,0
category:e070200440d0ba1b,https://www.zara.com/us/en/man-shoes-white-sneakers-l19333.html,WHITE SNEAKERS,19333,URL token; internal semantics NOT VERIFIED,MAN,INFERRED from route,,NOT VERIFIED,DISCOVERED,PENDING,,,0,,,,0
category:fbcf6a661fb2f926,https://www.zara.com/us/en/man-shoes-sneakers-black-l2560.html,Men´s Black Sneakers,2560,URL token; internal semantics NOT VERIFIED,MAN,INFERRED from route,,NOT VERIFIED,DISCOVERED,PENDING,,,0,,,,0
category:0cd92cca2eb45ecb,https://www.zara.com/us/en/man-shoes-evening-l2569.html,Men´s Dress Shoes,2569,URL token; internal semantics NOT VERIFIED,MAN,INFERRED from route,,NOT VERIFIED,DISCOVERED,PENDING,,,0,,,,0
category:f873e721dd0d6a34,https://www.zara.com/us/en/man-shoes-chelsea-boots-l4639.html,CHELSEA BOOTS,4639,URL token; internal semantics NOT VERIFIED,MAN,INFERRED from route,,NOT VERIFIED,DISCOVERED,PENDING,,,0,,,,0
category:56ec9f26c464d93b,https://www.zara.com/us/en/zara-athleticz-shoes-l4658.html,ATHLETICZ,4658,URL token; internal semantics NOT VERIFIED,UNCLASSIFIED,INFERRED from route,,NOT VERIFIED,DISCOVERED,PENDING,,,0,,,,0
category:2fa06e7361c9b526,https://www.zara.com/us/en/man-shoes-chunky-trainers-l4492.html,CHUNKY SNEAKERS,4492,URL token; internal semantics NOT VERIFIED,MAN,INFERRED from route,,NOT VERIFIED,DISCOVERED,PENDING,,,0,,,,0
category:e1c8332ae5007dc4,https://www.zara.com/us/en/man-chunky-shoes-l19342.html,CHUNKY SHOES,19342,URL token; internal semantics NOT VERIFIED,MAN,INFERRED from route,,NOT VERIFIED,DISCOVERED,PENDING,,,0,,,,0
category:5000b8dcb4265c3a,https://www.zara.com/us/en/man-shoes-boots-black-l2555.html,Men´s Black Boots,2555,URL token; internal semantics NOT VERIFIED,MAN,INFERRED from route,,NOT VERIFIED,DISCOVERED,PENDING,,,0,,,,0
category:be841513e327a3b6,https://www.zara.com/us/en/man-shoes-leather-boots-l5019.html,LEATHER BOOTS,5019,URL token; internal semantics NOT VERIFIED,MAN,INFERRED from route,,NOT VERIFIED,DISCOVERED,PENDING,,,0,,,,0
category:ef63c8842e3b13bd,https://www.zara.com/us/en/man-sneakers-training-l19306.html,TRAINING SHOES,19306,URL token; internal semantics NOT VERIFIED,MAN,INFERRED from route,,NOT VERIFIED,DISCOVERED,PENDING,,,0,,,,0
category:544387ad048c8a1b,https://www.zara.com/us/en/man-boots-cowboy-l19309.html,COWBOY BOOTS,19309,URL token; internal semantics NOT VERIFIED,MAN,INFERRED from route,,NOT VERIFIED,DISCOVERED,PENDING,,,0,,,,0
category:a624e5251cbd5a0d,https://www.zara.com/us/en/man-shoes-oxfords-l4496.html,Men's Oxford Shoes,4496,URL token; internal semantics NOT VERIFIED,MAN,INFERRED from route,,NOT VERIFIED,DISCOVERED,PENDING,,,0,,,,0
category:a6f1cc52519b2699,https://www.zara.com/us/en/man-shoes-boat-l2562.html,Men´s Boat Shoes,2562,URL token; internal semantics NOT VERIFIED,MAN,INFERRED from route,,NOT VERIFIED,DISCOVERED,PENDING,,,0,,,,0
category:f0f24a2b8fea20c6,https://www.zara.com/us/en/man-shoes-summer-l4377.html,Men´s Summer Shoes,4377,URL token; internal semantics NOT VERIFIED,MAN,INFERRED from route,,NOT VERIFIED,DISCOVERED,PENDING,,,0,,,,0
category:cde9d493510c4686,https://www.zara.com/us/en/man-shoes-leather-sandals-l5029.html,LEATHER SANDALS,5029,URL token; internal semantics NOT VERIFIED,MAN,INFERRED from route,,NOT VERIFIED,DISCOVERED,PENDING,,,0,,,,0
category:a41b2c72ea13400d,https://www.zara.com/us/en/man-shoes-brown-l2565.html,Men´s Brown Shoes,2565,URL token; internal semantics NOT VERIFIED,MAN,INFERRED from route,,NOT VERIFIED,DISCOVERED,PENDING,,,0,,,,0
category:a39af491de02bee5,https://www.zara.com/us/en/man-shoes-casual-l2567.html,casual shoes,2567,URL token; internal semantics NOT VERIFIED,MAN,INFERRED from route,,NOT VERIFIED,DISCOVERED,PENDING,,,0,,,,0
category:e6db5dc5686ce69c,https://www.zara.com/us/en/man-shoes-moccasins-l789.html?page=2,,789,URL token; internal semantics NOT VERIFIED,MAN,INFERRED from route,,NOT VERIFIED,DISCOVERED,PENDING,,,0,,,,0
category:81013872aa97d760,https://www.zara.com/us/en/man-shoes-penny-loafers-l19172.html?v1=2727949,Ruched LoafersDiscover our collection of ruched loafers,19172,URL token; internal semantics NOT VERIFIED,MAN,INFERRED from route,,NOT VERIFIED,DISCOVERED,PENDING,,,0,,,,0
category:a1469b89bd37ad70,https://www.zara.com/us/en/man-shoes-sneakers-white-l2559.html,white,2559,URL token; internal semantics NOT VERIFIED,MAN,INFERRED from route,,NOT VERIFIED,DISCOVERED,PENDING,,,0,,,,0
category:fdd89fd6b2ae92e2,https://www.zara.com/us/en/man-shoes-sneakers-l797.html?page=2,,797,URL token; internal semantics NOT VERIFIED,MAN,INFERRED from route,,NOT VERIFIED,DISCOVERED,PENDING,,,0,,,,0
category:a491271fc38c7358,https://www.zara.com/us/en/man-shoes-barefoot-l17530.html?v1=2436343,BAREFOOTDiscover our new Barefoot collection,17530,URL token; internal semantics NOT VERIFIED,MAN,INFERRED from route,,NOT VERIFIED,DISCOVERED,PENDING,,,0,,,,0
category:26e5803efbb78a60,https://www.zara.com/us/en/man-suits-formal-l813.html,formal suits,813,URL token; internal semantics NOT VERIFIED,MAN,INFERRED from route,,NOT VERIFIED,DISCOVERED,PENDING,,,0,,,,0
category:3ffcf9a0fc798632,https://www.zara.com/us/en/man-suits-sartorial-l19091.html,sartorial suits,19091,URL token; internal semantics NOT VERIFIED,MAN,INFERRED from route,,NOT VERIFIED,DISCOVERED,PENDING,,,0,,,,0
category:0ce323e6d8bbf27b,https://www.zara.com/us/en/man-suits-basics-l811.html,basic suits,811,URL token; internal semantics NOT VERIFIED,MAN,INFERRED from route,,NOT VERIFIED,DISCOVERED,PENDING,,,0,,,,0
category:b826522a3d042190,https://www.zara.com/us/en/man-suits-shirts-l814.html,shirts,814,URL token; internal semantics NOT VERIFIED,MAN,INFERRED from route,,NOT VERIFIED,DISCOVERED,PENDING,,,0,,,,0
category:b41685cd21f8d2fb,https://www.zara.com/us/en/man-suits-accessories-l810.html,shoes,810,URL token; internal semantics NOT VERIFIED,MAN,INFERRED from route,,NOT VERIFIED,DISCOVERED,PENDING,,,0,,,,0
category:2fadd230ae7cb527,https://www.zara.com/us/en/man-suits-trend-l5265.html,,5265,URL token; internal semantics NOT VERIFIED,MAN,INFERRED from route,,NOT VERIFIED,DISCOVERED,PENDING,,,0,,,,0
category:e9a8b06a4e0d8fb5,https://www.zara.com/us/en/man-suits-linen-l7285.html,LINEN,7285,URL token; internal semantics NOT VERIFIED,MAN,INFERRED from route,,NOT VERIFIED,DISCOVERED,PENDING,,,0,,,,0
category:a41dde4b047e0ef1,https://www.zara.com/us/en/man-blazers-l608.html,Men's Blazers,608,URL token; internal semantics NOT VERIFIED,MAN,INFERRED from route,,NOT VERIFIED,DISCOVERED,PENDING,,,0,,,,0
category:feaea88124282770,https://www.zara.com/us/en/man-accessories-ties-bows-l560.html,Men´s Ties & Bow Ties,560,URL token; internal semantics NOT VERIFIED,MAN,INFERRED from route,,NOT VERIFIED,DISCOVERED,PENDING,,,0,,,,0
category:53e97f703414970d,https://www.zara.com/us/en/man-suits-trousers-l18095.html,Men's Pants,18095,URL token; internal semantics NOT VERIFIED,MAN,INFERRED from route,,NOT VERIFIED,DISCOVERED,PENDING,,,0,,,,0
category:bca0fc7393527fc3,https://www.zara.com/us/en/man-suits-editorial-l17390.html,EDITORIAL,17390,URL token; internal semantics NOT VERIFIED,MAN,INFERRED from route,,NOT VERIFIED,DISCOVERED,PENDING,,,0,,,,0
category:8f4f28e2a14c11bb,https://www.zara.com/us/en/man-suits-black-l2509.html,Men's Black Suits,2509,URL token; internal semantics NOT VERIFIED,MAN,INFERRED from route,,NOT VERIFIED,DISCOVERED,PENDING,,,0,,,,0
category:b454c42b2bea840c,https://www.zara.com/us/en/man-suits-blue-l2508.html,Men's Blue and Navy Suits,2508,URL token; internal semantics NOT VERIFIED,MAN,INFERRED from route,,NOT VERIFIED,DISCOVERED,PENDING,,,0,,,,0
category:5b09f96e5e627a6a,https://www.zara.com/us/en/man-suits-double-breasted-l15721.html,Men's Suits,15721,URL token; internal semantics NOT VERIFIED,MAN,INFERRED from route,,NOT VERIFIED,DISCOVERED,PENDING,,,0,,,,0
category:445963bbe168a471,https://www.zara.com/us/en/man-accessories-mkt-l6029.html,ACCESSORIES,6029,URL token; internal semantics NOT VERIFIED,MAN,INFERRED from route,,NOT VERIFIED,DISCOVERED,PENDING,,,0,,,,0
category:a715ab89f765087a,https://www.zara.com/us/en/man-trend-89-l6153.html,VIEW ALL,6153,URL token; internal semantics NOT VERIFIED,MAN,INFERRED from route,,NOT VERIFIED,DISCOVERED,PENDING,,,0,,,,0
category:1efeceec3da4d6e1,https://www.zara.com/us/en/man-suits-events-l6275.html,EVENTS,6275,URL token; internal semantics NOT VERIFIED,MAN,INFERRED from route,,NOT VERIFIED,DISCOVERED,PENDING,,,0,,,,0
category:fe3b348f229cad71,https://www.zara.com/us/en/man-suits-slim-l816.html,Men's Slim Fit Suits,816,URL token; internal semantics NOT VERIFIED,MAN,INFERRED from route,,NOT VERIFIED,DISCOVERED,PENDING,,,0,,,,0
category:7dee4991ea9761f3,https://www.zara.com/us/en/man-suits-relaxed-l5570.html,REGULAR FIT,5570,URL token; internal semantics NOT VERIFIED,MAN,INFERRED from route,,NOT VERIFIED,DISCOVERED,PENDING,,,0,,,,0
category:89b73721efacfea1,https://www.zara.com/us/en/man-suits-casual-l812.html,Men's Casual Suits,812,URL token; internal semantics NOT VERIFIED,MAN,INFERRED from route,,NOT VERIFIED,DISCOVERED,PENDING,,,0,,,,0
category:a5ee2ed5106e9b97,https://www.zara.com/us/en/man-suits-tailored-l819.html,Men's Wedding & Special Occasions Suits,819,URL token; internal semantics NOT VERIFIED,MAN,INFERRED from route,,NOT VERIFIED,DISCOVERED,PENDING,,,0,,,,0
category:f9e2ed9b1733f551,https://www.zara.com/us/en/man-suits-summer-l2513.html,Men's Summer and Linen Suits,2513,URL token; internal semantics NOT VERIFIED,MAN,INFERRED from route,,NOT VERIFIED,DISCOVERED,PENDING,,,0,,,,0
category:e2e0c82873751a63,https://www.zara.com/us/en/man-suits-grey-l2510.html,Men's Grey Suits,2510,URL token; internal semantics NOT VERIFIED,MAN,INFERRED from route,,NOT VERIFIED,DISCOVERED,PENDING,,,0,,,,0
category:023c7d700e187fde,https://www.zara.com/us/en/man-suits-checked-l2512.html,Men's Checked Suits,2512,URL token; internal semantics NOT VERIFIED,MAN,INFERRED from route,,NOT VERIFIED,DISCOVERED,PENDING,,,0,,,,0
category:e05e94f64ad1dc35,https://www.zara.com/us/en/man-suits-wool-l2514.html,Men's Wool Suits,2514,URL token; internal semantics NOT VERIFIED,MAN,INFERRED from route,,NOT VERIFIED,DISCOVERED,PENDING,,,0,,,,0
category:7328db0a0dd96e4c,https://www.zara.com/us/en/man-shirts-l737.html?page=2,,737,URL token; internal semantics NOT VERIFIED,MAN,INFERRED from route,,NOT VERIFIED,DISCOVERED,PENDING,,,0,,,,0
