product_id,position,property_id,section,material_text,source
zara-us:00122342,0,Composition,OUTER SHELL,100% cotton,JSON-LD additionalProperty
zara-us:00794102,0,Composition,OUTER SHELL,100% cotton,JSON-LD additionalProperty
zara-us:00975847,0,Composition,OUTER SHELL,100% cotton,JSON-LD additionalProperty
zara-us:00975853,0,Composition,OUTER SHELL,100% cotton,JSON-LD additionalProperty
zara-us:01030731,0,Composition,OUTER SHELL,100% cotton,JSON-LD additionalProperty
zara-us:01038623,0,Composition,OUTER SHELL,100% cotton,JSON-LD additionalProperty
zara-us:01063447,0,Composition,OUTER SHELL,100% cotton,JSON-LD additionalProperty
zara-us:01210228,0,Composition,OUTER SHELL,"63% polyester, 32% viscose, 5% elastane",JSON-LD additionalProperty
zara-us:01210228,1,Composition,LINING,100% polyester,JSON-LD additionalProperty
zara-us:01437358,0,Composition,OUTER SHELL,"70% lyocell, 30% polyester",JSON-LD additionalProperty
zara-us:01758151,0,Composition,OUTER SHELL,100% polyamide,JSON-LD additionalProperty
zara-us:01758151,1,Composition,LINING,"97% polyester, 3% elastane",JSON-LD additionalProperty
zara-us:01957102,0,Composition,OUTER SHELL,100% linen,JSON-LD additionalProperty
zara-us:02285098,0,Composition,OUTER SHELL,100% polyester,JSON-LD additionalProperty
zara-us:02692792,0,Composition,OUTER SHELL,"97% cotton, 3% elastane",JSON-LD additionalProperty
zara-us:02933303,0,Composition,OUTER SHELL,"59% polyester, 41% viscose",JSON-LD additionalProperty
zara-us:03067214,0,Composition,OUTER SHELL,"96% polyester, 4% elastane",JSON-LD additionalProperty
zara-us:03067214,1,Composition,LINING,100% polyester,JSON-LD additionalProperty
zara-us:03152205,0,Composition,OUTER SHELL,"96% polyester, 4% elastane",JSON-LD additionalProperty
zara-us:03152205,1,Composition,LINING,100% polyester,JSON-LD additionalProperty
zara-us:03277401,0,Composition,OUTER SHELL,"65% cotton, 35% polyester",JSON-LD additionalProperty
zara-us:03798623,0,Composition,OUTER SHELL,"60% lyocell, 40% cotton",JSON-LD additionalProperty
zara-us:03897173,0,Composition,OUTER SHELL,100% polyester,JSON-LD additionalProperty
zara-us:04087516,0,Composition,OUTER SHELL,100% cotton,JSON-LD additionalProperty
zara-us:04333476,0,Composition,OUTER SHELL,"84% cotton, 16% polyester",JSON-LD additionalProperty
zara-us:04408147,0,Composition,OUTER SHELL,"95% polyester, 5% elastane",JSON-LD additionalProperty
zara-us:04493144,0,Composition,OUTER SHELL,"63% cotton, 37% polyester",JSON-LD additionalProperty
zara-us:04772211,0,Composition,OUTER SHELL,"67% polyester, 29% viscose, 4% elastane",JSON-LD additionalProperty
zara-us:04772211,1,Composition,LINING,100% polyester,JSON-LD additionalProperty
zara-us:04772225,0,Composition,OUTER SHELL,"95% polyester, 5% elastane",JSON-LD additionalProperty
zara-us:04772225,1,Composition,LINING,100% polyester,JSON-LD additionalProperty
zara-us:04772386,0,Composition,OUTER SHELL,100% polyester,JSON-LD additionalProperty
zara-us:04786307,0,Composition,OUTER SHELL,100% polyester,JSON-LD additionalProperty
zara-us:04786732,0,Composition,OUTER SHELL,100% polyester,JSON-LD additionalProperty
zara-us:04795210,0,Composition,OUTER SHELL,100% lyocell,JSON-LD additionalProperty
zara-us:04813814,0,Composition,OUTER SHELL,,JSON-LD additionalProperty
zara-us:04813819,0,Composition,OUTER SHELL,"65% polyamide, 35% elastane",JSON-LD additionalProperty
zara-us:04813819,1,Composition,LINING,100% polyester,JSON-LD additionalProperty
zara-us:05039406,0,Composition,OUTER SHELL,"93% polyester, 7% elastane",JSON-LD additionalProperty
zara-us:05039406,1,Composition,LINING,100% polyester,JSON-LD additionalProperty
zara-us:05063839,0,Composition,OUTER SHELL,"92% polyamide, 8% elastane",JSON-LD additionalProperty
zara-us:05070904,0,Composition,OUTER SHELL,100% linen,JSON-LD additionalProperty
zara-us:05320222,0,Composition,OUTER SHELL,,JSON-LD additionalProperty
zara-us:05344204,0,Composition,OUTER SHELL,,JSON-LD additionalProperty
zara-us:05536105,0,Composition,OUTER SHELL,"44% polyester, 34% polyamide, 19% acrylic, 3% wool",JSON-LD additionalProperty
zara-us:06085325,0,Composition,OUTER SHELL,"82% viscose, 18% polyamide",JSON-LD additionalProperty
zara-us:06929284,0,Composition,OUTER SHELL,"95% cotton, 4% polyester, 1% elastane",JSON-LD additionalProperty
zara-us:06987370,0,Composition,OUTER SHELL,100% cotton,JSON-LD additionalProperty
zara-us:07265541,0,Composition,OUTER SHELL,"48% cotton, 43% polyester, 9% elastane",JSON-LD additionalProperty
zara-us:07545333,0,Composition,OUTER SHELL,"60% cotton, 40% polyester",JSON-LD additionalProperty
zara-us:07545500,0,Composition,OUTER SHELL,"88% polyamide, 12% elastane",JSON-LD additionalProperty
zara-us:07545710,0,Composition,OUTER SHELL,"60% cotton, 40% polyester",JSON-LD additionalProperty
zara-us:07812332,0,Composition,OUTER SHELL,100% polyester,JSON-LD additionalProperty
zara-us:07812332,1,Composition,LINING,100% polyester,JSON-LD additionalProperty
zara-us:07845524,0,Composition,OUTER SHELL,"70% polyester, 27% viscose, 3% elastane",JSON-LD additionalProperty
zara-us:07863212,0,Composition,OUTER SHELL,"55% lyocell, 42% cotton, 3% elastane",JSON-LD additionalProperty
zara-us:07863212,1,Composition,LINING,,JSON-LD additionalProperty
zara-us:07904115,0,Composition,OUTER SHELL,100% cotton,JSON-LD additionalProperty
zara-us:07904115,1,Composition,LINING,100% cotton,JSON-LD additionalProperty
zara-us:07956576,0,Composition,OUTER SHELL,"97% cotton, 3% elastane",JSON-LD additionalProperty
zara-us:08779637,0,Composition,OUTER SHELL,"90% viscose, 5% polyamide, 5% metallised fibre",JSON-LD additionalProperty
zara-us:09632350,0,Composition,OUTER SHELL,100% cotton,JSON-LD additionalProperty
