product_id,source,source_product_id,name,description,composition,materials,care,product_url,category_urls,department,base_price,currency,colors,sizes,source_last_seen_at,status,evidence_file,classification,completeness
zara-us:00122342,zara_us_public,00122342,WASHED-EFFECT RELAXED-FIT SHIRT,"Relaxed-fit shirt crafted from an ultra-lightweight cotton fabric. Features a lapel collar and long sleeves finished with button cuffs. Patch pocket on the chest. Washed effect. Front button closure.

The garment has a unique appearance thanks to its special washing process. As a result, the color may vary slightly from the one shown in the photo.","[{""@type"": ""PropertyValue"", ""propertyID"": ""Composition"", ""name"": ""OUTER SHELL"", ""value"": ""100% cotton""}]",100% cotton,,https://www.zara.com/us/en/relaxed-fit-washed-effect-shirt-p00122342.html,"[""https://www.zara.com/us/en/man-shirts-l737.html""]",Man,69.90,USD,"[""Blue marl""]","[""L"", ""M"", ""S"", ""XL""]",2026-09-06T04:26:33.619Z,observed,data\raw\zara\00122342.json,PUBLICLY OBSERVED,captured JSON-LD only; not guaranteed exhaustive
zara-us:00794102,zara_us_public,00794102,RELAXED FIT PLAID SHIRT,Relaxed-fit shirt crafted from cotton fabric. Features a spread collar and long sleeves finished with buttoned cuffs. Adjustable hem with elastic at the sides. Front button closure.,"[{""@type"": ""PropertyValue"", ""propertyID"": ""Composition"", ""name"": ""OUTER SHELL"", ""value"": ""100% cotton""}]",100% cotton,,https://www.zara.com/us/en/relaxed-fit-plaid-shirt-p00794102.html,"[""https://www.zara.com/us/en/man-shirts-l737.html""]",Man,79.90,USD,"[""Gray green""]","[""L"", ""M"", ""S"", ""XL""]",2026-09-06T04:24:21.207Z,observed,data\raw\zara\00794102.json,PUBLICLY OBSERVED,captured JSON-LD only; not guaranteed exhaustive
zara-us:00975847,zara_us_public,00975847,REGULAR FIT POCKET SHIRT,Regular fit shirt made from cotton fabric. Italian collar and long sleeves finished with button cuffs. Patch pocket on the chest. Front button closure.,"[{""@type"": ""PropertyValue"", ""propertyID"": ""Composition"", ""name"": ""OUTER SHELL"", ""value"": ""100% cotton""}]",100% cotton,,https://www.zara.com/us/en/regular-fit-pocket-shirt-p00975847.html,"[""https://www.zara.com/us/en/man-shirts-l737.html""]",Man,69.90,USD,"[""Oil""]","[""L"", ""M"", ""S"", ""XL""]",2026-09-06T04:24:34.207Z,observed,data\raw\zara\00975847.json,PUBLICLY OBSERVED,captured JSON-LD only; not guaranteed exhaustive
zara-us:00975853,zara_us_public,00975853,REGULAR FIT PLAID SHIRT,Regular fit shirt made from cotton fabric. Open Italian collar and long sleeves finished with buttoned cuffs. Front button closure.,"[{""@type"": ""PropertyValue"", ""propertyID"": ""Composition"", ""name"": ""OUTER SHELL"", ""value"": ""100% cotton""}]",100% cotton,,https://www.zara.com/us/en/regular-fit-plaid-shirt-p00975853.html,"[""https://www.zara.com/us/en/man-shirts-l737.html""]",Man,69.90,USD,"[""Blue / White""]","[""L"", ""M"", ""S"", ""XL""]",2026-09-06T04:24:22.866Z,observed,data\raw\zara\00975853.json,PUBLICLY OBSERVED,captured JSON-LD only; not guaranteed exhaustive
zara-us:01030731,zara_us_public,01030731,BOXY FIT SHIRT,"Boxy fit shirt crafted from cotton fabric. Features a lapel collar, long sleeves with buttoned cuffs, a patch pocket on the chest, and a front button fastening.","[{""@type"": ""PropertyValue"", ""propertyID"": ""Composition"", ""name"": ""OUTER SHELL"", ""value"": ""100% cotton""}]",100% cotton,,https://www.zara.com/us/en/striped-boxy-fit-shirt-p01030731.html,"[""https://www.zara.com/us/en/man-shirts-l737.html""]",Man,69.90,USD,"[""Blue"", ""Sky blue"", ""White""]","[""L"", ""M"", ""S"", ""XL""]",2026-09-06T04:24:17.111Z,observed,data\raw\zara\01030731.json,PUBLICLY OBSERVED,captured JSON-LD only; not guaranteed exhaustive
zara-us:01038623,zara_us_public,01038623,OVERSIZED POCKET SHIRT,Oversized-fit shirt crafted from cotton fabric. Features an Italian collar and long sleeves finished with buttoned cuffs. Patch pocket on the chest. Front button closure.,"[{""@type"": ""PropertyValue"", ""propertyID"": ""Composition"", ""name"": ""OUTER SHELL"", ""value"": ""100% cotton""}]",100% cotton,,https://www.zara.com/us/en/oversized-patch-pocket-shirt-p01038623.html,"[""https://www.zara.com/us/en/man-shirts-l737.html""]",Man,79.90,USD,"[""Gray""]","[""L"", ""M"", ""S"", ""XL""]",2026-09-06T04:26:30.569Z,observed,data\raw\zara\01038623.json,PUBLICLY OBSERVED,captured JSON-LD only; not guaranteed exhaustive
zara-us:01063447,zara_us_public,01063447,CHECKED REGULAR FIT SHIRT,Regular fit shirt made of cotton fabric. Button-down collar and long sleeves with buttoned cuffs. Front button closure.,"[{""@type"": ""PropertyValue"", ""propertyID"": ""Composition"", ""name"": ""OUTER SHELL"", ""value"": ""100% cotton""}]",100% cotton,,https://www.zara.com/us/en/checked-regular-fit-shirt-p01063447.html,"[""https://www.zara.com/us/en/man-shirts-l737.html""]",Man,59.90,USD,"[""Blue / Green""]","[""L"", ""M"", ""S"", ""XL""]",2026-09-06T04:26:51.345Z,observed,data\raw\zara\01063447.json,PUBLICLY OBSERVED,captured JSON-LD only; not guaranteed exhaustive
zara-us:01210228,zara_us_public,01210228,PLAID SHORT JUMPSUIT WITH LOOPS,Short jumpsuit with a stand-up collar and sleeveless design with shoulder pads. Features shoulder loop details. Contrasting inner lining. Back zip fastening hidden in the seam.,"[{""@type"": ""PropertyValue"", ""propertyID"": ""Composition"", ""name"": ""OUTER SHELL"", ""value"": ""63% polyester, 32% viscose, 5% elastane""}, {""@type"": ""PropertyValue"", ""propertyID"": ""Composition"", ""name"": ""LINING"", ""value"": ""100% polyester""}]",polyester/viscose/elastane,,https://www.zara.com/us/en/plaid-short-jumpsuit-with-tabs-p01210228.html,"[""https://www.zara.com/us/en/woman-dresses-l1066.html""]",Woman,59.90,USD,"[""Ecru / Navy""]","[""L"", ""M"", ""S"", ""XL"", ""XS"", ""XXL""]",2026-09-06T04:28:49.600Z,observed,data\raw\zara\01210228.json,PUBLICLY OBSERVED,captured JSON-LD only; not guaranteed exhaustive
zara-us:01437358,zara_us_public,01437358,FLUID RELAXED-FIT POLO SHIRT,Relaxed-fit polo shirt crafted from fluid lyocell-blend fabric. Features a lapel collar with a concealed button-front closure. Long sleeves finished with buttoned cuffs. Washed effect.,"[{""@type"": ""PropertyValue"", ""propertyID"": ""Composition"", ""name"": ""OUTER SHELL"", ""value"": ""70% lyocell, 30% polyester""}]",lyocell/polyester,,https://www.zara.com/us/en/fluid-relaxed-fit-polo-shirt-p01437358.html,"[""https://www.zara.com/us/en/man-shirts-l737.html""]",Man,79.90,USD,"[""Dark khaki""]","[""L"", ""M"", ""S"", ""XL""]",2026-09-06T04:26:32.279Z,observed,data\raw\zara\01437358.json,PUBLICLY OBSERVED,captured JSON-LD only; not guaranteed exhaustive
zara-us:01758151,zara_us_public,01758151,RING-DETAIL LACE STRAPPY DRESS,Long semi-sheer dress made from soft lace fabric. Round neckline with ring details and adjustable spaghetti straps. Concealed metal hook closures at the bust and a side zipper.,"[{""@type"": ""PropertyValue"", ""propertyID"": ""Composition"", ""name"": ""OUTER SHELL"", ""value"": ""100% polyamide""}, {""@type"": ""PropertyValue"", ""propertyID"": ""Composition"", ""name"": ""LINING"", ""value"": ""97% polyester, 3% elastane""}]",100% polyamide,,https://www.zara.com/us/en/lace-underwire-spaghetti-strap-dress-p01758151.html,"[""https://www.zara.com/us/en/woman-dresses-l1066.html""]",Woman,169.00,USD,"[""Toffee""]","[""L"", ""M"", ""S"", ""XL"", ""XS""]",2026-09-06T04:27:59.033Z,observed,data\raw\zara\01758151.json,PUBLICLY OBSERVED,captured JSON-LD only; not guaranteed exhaustive
zara-us:01957102,zara_us_public,01957102,100% LINEN REGULAR FIT SHIRT,Regular fit shirt made of linen fabric. Button-down collar and long sleeves with buttoned cuffs. Front button closure.,"[{""@type"": ""PropertyValue"", ""propertyID"": ""Composition"", ""name"": ""OUTER SHELL"", ""value"": ""100% linen""}]",100% linen,,https://www.zara.com/us/en/100-linen-regular-fit-shirt-p01957102.html,"[""https://www.zara.com/us/en/man-shirts-l737.html""]",Man,69.90,USD,"[""Blue / Green"", ""Caramel"", ""Dark khaki"", ""Dark navy"", ""Faded sky blue"", ""Light beige"", ""White""]","[""L"", ""M"", ""S"", ""XL""]",2026-09-06T04:26:47.811Z,observed,data\raw\zara\01957102.json,PUBLICLY OBSERVED,captured JSON-LD only; not guaranteed exhaustive
zara-us:02285098,zara_us_public,02285098,ZW COLLECTION DRAPED SASH DRESS,ZARA WOMAN COLLECTION. Round neck dress with a sleeveless design. Features a matching sash detail and an A-line hem. Button fastening at the back.,"[{""@type"": ""PropertyValue"", ""propertyID"": ""Composition"", ""name"": ""OUTER SHELL"", ""value"": ""100% polyester""}]",100% polyester,,https://www.zara.com/us/en/zw-collection-draped-sash-dress-p02285098.html,"[""https://www.zara.com/us/en/woman-dresses-l1066.html""]",Woman,119.00,USD,"[""Electric blue""]","[""L"", ""M"", ""S"", ""XL"", ""XS""]",2026-09-06T04:29:09.033Z,observed,data\raw\zara\02285098.json,PUBLICLY OBSERVED,captured JSON-LD only; not guaranteed exhaustive
zara-us:02692792,zara_us_public,02692792,RELAXED FIT SHIRT WITH MATCHING TIE,Relaxed-fit shirt crafted from cotton poplin. Lapel collar with a matching fabric tie detail. Long sleeves finished with buttoned cuffs. Patch chest pockets with flaps. Front button closure.,"[{""@type"": ""PropertyValue"", ""propertyID"": ""Composition"", ""name"": ""OUTER SHELL"", ""value"": ""97% cotton, 3% elastane""}]",cotton/elastane,,https://www.zara.com/us/en/relaxed-fit-tie-detail-shirt-p02692792.html,"[""https://www.zara.com/us/en/man-shirts-l737.html""]",Man,79.90,USD,"[""Khaki""]","[""L"", ""M"", ""S"", ""XL""]",2026-09-06T04:25:05.729Z,observed,data\raw\zara\02692792.json,PUBLICLY OBSERVED,captured JSON-LD only; not guaranteed exhaustive
zara-us:02933303,zara_us_public,02933303,FLUID STRIPED SHIRT,Relaxed fit shirt made from fluid viscose fabric. Lapel collar and long sleeves finished with buttoned cuffs. Patch pocket on the chest. Front snap-button closure.,"[{""@type"": ""PropertyValue"", ""propertyID"": ""Composition"", ""name"": ""OUTER SHELL"", ""value"": ""59% polyester, 41% viscose""}]",polyester/viscose,,https://www.zara.com/us/en/fluid-striped-shirt-p02933303.html,"[""https://www.zara.com/us/en/man-shirts-l737.html""]",Man,79.90,USD,"[""Ecru / Green""]","[""L"", ""M"", ""S"", ""XL""]",2026-09-06T04:25:07.005Z,observed,data\raw\zara\02933303.json,PUBLICLY OBSERVED,captured JSON-LD only; not guaranteed exhaustive
zara-us:03067214,zara_us_public,03067214,PLEATED MINI DRESS WITH SHOULDER PADS,"Mini dress with a high neckline, long sleeves and shoulder pads. Pleated detail. Back closure with a concealed seam zipper.","[{""@type"": ""PropertyValue"", ""propertyID"": ""Composition"", ""name"": ""OUTER SHELL"", ""value"": ""96% polyester, 4% elastane""}, {""@type"": ""PropertyValue"", ""propertyID"": ""Composition"", ""name"": ""LINING"", ""value"": ""100% polyester""}]",polyester/elastane,,https://www.zara.com/us/en/pleated-mini-dress-with-shoulder-pads-p03067214.html,"[""https://www.zara.com/us/en/woman-dresses-l1066.html""]",Woman,59.90,USD,"[""Black""]","[""L"", ""M"", ""S"", ""XL"", ""XS"", ""XXL""]",2026-09-06T04:27:19.744Z,observed,data\raw\zara\03067214.json,PUBLICLY OBSERVED,captured JSON-LD only; not guaranteed exhaustive
zara-us:03152205,zara_us_public,03152205,RUCHED HALTER DRESS,Midi dress with a wrapped-effect halter neckline. Asymmetric back cutout. Ruching and draping detail at the front. Tonal interior lining. Side hidden in-seam zip closure.,"[{""@type"": ""PropertyValue"", ""propertyID"": ""Composition"", ""name"": ""OUTER SHELL"", ""value"": ""96% polyester, 4% elastane""}, {""@type"": ""PropertyValue"", ""propertyID"": ""Composition"", ""name"": ""LINING"", ""value"": ""100% polyester""}]",polyester/elastane,,https://www.zara.com/us/en/ruched-halter-dress-p03152205.html,"[""https://www.zara.com/us/en/woman-dresses-l1066.html""]",Woman,69.90,USD,"[""Black"", ""Blue / Gray""]","[""L"", ""M"", ""S"", ""XL"", ""XS"", ""XXL""]",2026-09-06T04:27:17.681Z,observed,data\raw\zara\03152205.json,PUBLICLY OBSERVED,captured JSON-LD only; not guaranteed exhaustive
zara-us:03277401,zara_us_public,03277401,REGULAR FIT TEXTURED SHIRT,Regular fit shirt made from a cotton blend stretch fabric. Lapel collar and short sleeves. Front button closure.,"[{""@type"": ""PropertyValue"", ""propertyID"": ""Composition"", ""name"": ""OUTER SHELL"", ""value"": ""65% cotton, 35% polyester""}]",cotton/polyester,,https://www.zara.com/us/en/regular-fit-textured-shirt-p03277401.html,"[""https://www.zara.com/us/en/man-shirts-l737.html""]",Man,59.90,USD,"[""Ecru"", ""Green"", ""Navy / White"", ""White / Sky blue""]","[""L"", ""M"", ""S"", ""XL""]",2026-09-06T04:26:35.060Z,observed,data\raw\zara\03277401.json,PUBLICLY OBSERVED,captured JSON-LD only; not guaranteed exhaustive
zara-us:03798623,zara_us_public,03798623,LYOCELL-COTTON REGULAR FIT SHIRT,Regular fit shirt crafted from a lyocell and cotton blend fabric. Lapel collar and short sleeves. Patch pockets with flaps on the chest. Front button fastening.,"[{""@type"": ""PropertyValue"", ""propertyID"": ""Composition"", ""name"": ""OUTER SHELL"", ""value"": ""60% lyocell, 40% cotton""}]",lyocell/cotton,,https://www.zara.com/us/en/lyocell-cotton-regular-fit-shirt-p03798623.html,"[""https://www.zara.com/us/en/man-shirts-l737.html""]",Man,59.90,USD,"[""taupe brown""]","[""L"", ""M"", ""S"", ""XL""]",2026-09-06T04:26:53.042Z,observed,data\raw\zara\03798623.json,PUBLICLY OBSERVED,captured JSON-LD only; not guaranteed exhaustive
zara-us:03897173,zara_us_public,03897173,SATIN MIDI DRESS,Dress with a draped neckline and sleeveless design. Button closure at the back.,"[{""@type"": ""PropertyValue"", ""propertyID"": ""Composition"", ""name"": ""OUTER SHELL"", ""value"": ""100% polyester""}]",100% polyester,,https://www.zara.com/us/en/satin-midi-dress-p03897173.html,"[""https://www.zara.com/us/en/woman-dresses-l1066.html""]",Woman,79.90,USD,"[""Brown""]","[""L"", ""M"", ""S"", ""XL"", ""XS""]",2026-09-06T04:27:51.335Z,observed,data\raw\zara\03897173.json,PUBLICLY OBSERVED,captured JSON-LD only; not guaranteed exhaustive
zara-us:04087516,zara_us_public,04087516,WASHED PIQUÉ REGULAR FIT SHIRT,Regular fit shirt made from cotton piqué. Features a spread collar and long sleeves with buttoned cuffs. Washed effect. Button-up front closure.,"[{""@type"": ""PropertyValue"", ""propertyID"": ""Composition"", ""name"": ""OUTER SHELL"", ""value"": ""100% cotton""}]",100% cotton,,https://www.zara.com/us/en/washed-pique-regular-fit-shirt-p04087516.html,"[""https://www.zara.com/us/en/man-shirts-l737.html""]",Man,59.90,USD,"[""Anthracite grey"", ""Light khaki""]","[""L"", ""M"", ""S"", ""XL""]",2026-09-06T04:26:54.248Z,observed,data\raw\zara\04087516.json,PUBLICLY OBSERVED,captured JSON-LD only; not guaranteed exhaustive
zara-us:04333476,zara_us_public,04333476,TEXTURED WEAVE SHIRT,"Relaxed fit shirt made of a cotton blend fabric. Features a bowling collar, short sleeves, and side vents at the hem. Front button closure.","[{""@type"": ""PropertyValue"", ""propertyID"": ""Composition"", ""name"": ""OUTER SHELL"", ""value"": ""84% cotton, 16% polyester""}]",cotton/polyester,,https://www.zara.com/us/en/textured-weave-shirt-p04333476.html,"[""https://www.zara.com/us/en/man-shirts-l737.html""]",Man,59.90,USD,"[""Black"", ""Ecru"", ""Ecru / Black"", ""Ecru / Blue""]","[""L"", ""M"", ""S"", ""XL""]",2026-09-06T04:24:41.950Z,observed,data\raw\zara\04333476.json,PUBLICLY OBSERVED,captured JSON-LD only; not guaranteed exhaustive
zara-us:04408147,zara_us_public,04408147,SLIM FIT SHIRT,Slim fit shirt made from a fabric that minimizes the need for ironing after washing. Hidden-button point collar. Long sleeves finished with buttoned cuffs. Front button closure.,"[{""@type"": ""PropertyValue"", ""propertyID"": ""Composition"", ""name"": ""OUTER SHELL"", ""value"": ""95% polyester, 5% elastane""}]",polyester/elastane,,https://www.zara.com/us/en/slim-fit-shirt-p04408147.html,"[""https://www.zara.com/us/en/man-shirts-l737.html""]",Man,59.90,USD,"[""Black"", ""Light sky blue"", ""Sand"", ""White""]","[""L"", ""M"", ""S"", ""XL""]",2026-09-06T04:24:35.960Z,observed,data\raw\zara\04408147.json,PUBLICLY OBSERVED,captured JSON-LD only; not guaranteed exhaustive
zara-us:04493144,zara_us_public,04493144,REGULAR FIT SHIRT,"REGULAR FIT - TWO-WAY STRETCH - SPREAD COLLAR. Regular fit shirt made with an easy-care, non-iron fabric. Features a spread collar, long sleeves with buttoned cuffs, and a front button closure.","[{""@type"": ""PropertyValue"", ""propertyID"": ""Composition"", ""name"": ""OUTER SHELL"", ""value"": ""63% cotton, 37% polyester""}]",cotton/polyester,,https://www.zara.com/us/en/regular-fit-shirt-p04493144.html,"[""https://www.zara.com/us/en/man-shirts-l737.html""]",Man,69.90,USD,"[""Black"", ""Blue / White"", ""Green / Ecru"", ""Navy blue"", ""Sky blue"", ""White""]","[""L"", ""M"", ""S"", ""XL""]",2026-09-06T04:26:36.497Z,observed,data\raw\zara\04493144.json,PUBLICLY OBSERVED,captured JSON-LD only; not guaranteed exhaustive
zara-us:04772211,zara_us_public,04772211,VOLUMINOUS SLEEVE MINI DRESS,Mini dress with a mock neck and voluminous long sleeves. Features pronounced seam details and front pleats. Tonal lining. Back zip closure.,"[{""@type"": ""PropertyValue"", ""propertyID"": ""Composition"", ""name"": ""OUTER SHELL"", ""value"": ""67% polyester, 29% viscose, 4% elastane""}, {""@type"": ""PropertyValue"", ""propertyID"": ""Composition"", ""name"": ""LINING"", ""value"": ""100% polyester""}]",polyester/viscose/elastane,,https://www.zara.com/us/en/voluminous-sleeve-mini-dress-p04772211.html,"[""https://www.zara.com/us/en/woman-dresses-l1066.html""]",Woman,79.90,USD,"[""Dark brown""]","[""L"", ""M"", ""S"", ""XL"", ""XS"", ""XXL""]",2026-09-06T04:27:23.373Z,observed,data\raw\zara\04772211.json,PUBLICLY OBSERVED,captured JSON-LD only; not guaranteed exhaustive
zara-us:04772225,zara_us_public,04772225,SHOULDER PAD MIDI DRESS,Midi dress with a deep V-neck and long sleeves with shoulder pads. Shirred detail at the bust. Back tie closure with a concealed zipper in the seam.,"[{""@type"": ""PropertyValue"", ""propertyID"": ""Composition"", ""name"": ""OUTER SHELL"", ""value"": ""95% polyester, 5% elastane""}, {""@type"": ""PropertyValue"", ""propertyID"": ""Composition"", ""name"": ""LINING"", ""value"": ""100% polyester""}]",polyester/elastane,,https://www.zara.com/us/en/shoulder-pad-midi-dress-p04772225.html,"[""https://www.zara.com/us/en/woman-dresses-l1066.html""]",Woman,69.90,USD,"[""Light khaki""]","[""L"", ""M"", ""S"", ""XL"", ""XS"", ""XXL""]",2026-09-06T04:27:21.221Z,observed,data\raw\zara\04772225.json,PUBLICLY OBSERVED,captured JSON-LD only; not guaranteed exhaustive
zara-us:04772386,zara_us_public,04772386,SATIN HALTER MIDI DRESS,Dress made of satin fabric. Halter neck with a deep V-neckline. Open back. Tie closure at the neck.,"[{""@type"": ""PropertyValue"", ""propertyID"": ""Composition"", ""name"": ""OUTER SHELL"", ""value"": ""100% polyester""}]",100% polyester,,https://www.zara.com/us/en/satin-midi-halter-dress-p04772386.html,"[""https://www.zara.com/us/en/woman-dresses-l1066.html""]",Woman,59.90,USD,"[""Black"", ""Lilac""]","[""L"", ""M"", ""S"", ""XL"", ""XS"", ""XXL""]",2026-09-06T04:28:46.014Z,observed,data\raw\zara\04772386.json,PUBLICLY OBSERVED,captured JSON-LD only; not guaranteed exhaustive
zara-us:04786307,zara_us_public,04786307,ZW COLLECTION HALTER SATIN MIDI DRESS,"ZARA WOMAN COLLECTION

Midi dress made of satin fabric. Halter neck with fluid neckline and off-the-shoulder design. Back fastening with hidden buttons.","[{""@type"": ""PropertyValue"", ""propertyID"": ""Composition"", ""name"": ""OUTER SHELL"", ""value"": ""100% polyester""}]",100% polyester,,https://www.zara.com/us/en/zw-collection-halter-satin-midi-dress-p04786307.html,"[""https://www.zara.com/us/en/woman-dresses-l1066.html""]",Woman,79.90,USD,"[""Ecru"", ""Eggplant""]","[""L"", ""M"", ""S"", ""XL"", ""XS""]",2026-09-06T04:28:03.586Z,observed,data\raw\zara\04786307.json,PUBLICLY OBSERVED,captured JSON-LD only; not guaranteed exhaustive
zara-us:04786732,zara_us_public,04786732,LONG GEORGETTE CAPE DRESS,Long dress with a V-neckline and thin straps. Features a matching cape-style fabric overlay at the back. Hidden side zipper and metal hook closure.,"[{""@type"": ""PropertyValue"", ""propertyID"": ""Composition"", ""name"": ""OUTER SHELL"", ""value"": ""100% polyester""}]",100% polyester,,https://www.zara.com/us/en/long-cape-detail-georgette-dress-p04786732.html,"[""https://www.zara.com/us/en/woman-dresses-l1066.html""]",Woman,149.00,USD,"[""Red""]","[""L"", ""M"", ""S"", ""XL"", ""XS""]",2026-09-06T04:27:57.340Z,observed,data\raw\zara\04786732.json,PUBLICLY OBSERVED,captured JSON-LD only; not guaranteed exhaustive
zara-us:04795210,zara_us_public,04795210,RELAXED FIT FLUID SHIRT,"Relaxed-fit shirt crafted from a fluid lyocell fabric. Features a bowling collar, short sides, and a hem with side vents. Front button closure.","[{""@type"": ""PropertyValue"", ""propertyID"": ""Composition"", ""name"": ""OUTER SHELL"", ""value"": ""100% lyocell""}]",100% lyocell,,https://www.zara.com/us/en/relaxed-fit-fluid-shirt-p04795210.html,"[""https://www.zara.com/us/en/man-shirts-l737.html""]",Man,69.90,USD,"[""Beige"", ""Black"", ""Gray""]","[""L"", ""M"", ""S"", ""XL""]",2026-09-06T04:24:32.209Z,observed,data\raw\zara\04795210.json,PUBLICLY OBSERVED,captured JSON-LD only; not guaranteed exhaustive
zara-us:04813814,zara_us_public,04813814,FLOCKED MINI DRESS WITH SLIT,Dress made from flocked fabric. High neck and elbow-length sleeves. Side slit detail with tonal lace inserts. Asymmetrical hem. Back closure with slit and concealed buttons.,"[{""@type"": ""PropertyValue"", ""propertyID"": ""Composition"", ""name"": ""OUTER SHELL"", ""value"": """"}]",,,https://www.zara.com/us/en/flocked-mini-dress-with-slit-p04813814.html,"[""https://www.zara.com/us/en/woman-dresses-l1066.html""]",Woman,69.90,USD,"[""Dark brown""]","[""L"", ""M"", ""S""]",2026-09-06T04:27:49.590Z,observed,data\raw\zara\04813814.json,PUBLICLY OBSERVED,captured JSON-LD only; not guaranteed exhaustive
zara-us:04813819,zara_us_public,04813819,MIDI SEAM-DETAIL DRESS,Dress made from stretch fabric. Sweetheart neckline and adjustable thin straps. Featuring prominent seam detailing.,"[{""@type"": ""PropertyValue"", ""propertyID"": ""Composition"", ""name"": ""OUTER SHELL"", ""value"": ""65% polyamide, 35% elastane""}, {""@type"": ""PropertyValue"", ""propertyID"": ""Composition"", ""name"": ""LINING"", ""value"": ""100% polyester""}]",polyamide/elastane,,https://www.zara.com/us/en/seam-detail-midi-dress-p04813819.html,"[""https://www.zara.com/us/en/woman-dresses-l1066.html""]",Woman,79.90,USD,"[""Black""]","[""L"", ""M"", ""S""]",2026-09-06T04:27:44.040Z,observed,data\raw\zara\04813819.json,PUBLICLY OBSERVED,captured JSON-LD only; not guaranteed exhaustive
zara-us:05039406,zara_us_public,05039406,ANIMAL PRINT TULLE DRESS,Long dress with V-neckline and adjustable spaghetti straps. Tonal matching interior lining. Godet detail.,"[{""@type"": ""PropertyValue"", ""propertyID"": ""Composition"", ""name"": ""OUTER SHELL"", ""value"": ""93% polyester, 7% elastane""}, {""@type"": ""PropertyValue"", ""propertyID"": ""Composition"", ""name"": ""LINING"", ""value"": ""100% polyester""}]",polyester/elastane,,https://www.zara.com/us/en/animal-print-tulle-dress-p05039406.html,"[""https://www.zara.com/us/en/woman-dresses-l1066.html""]",Woman,79.90,USD,"[""Leopard""]","[""L"", ""M"", ""S""]",2026-09-06T04:28:44.423Z,observed,data\raw\zara\05039406.json,PUBLICLY OBSERVED,captured JSON-LD only; not guaranteed exhaustive
zara-us:05063839,zara_us_public,05063839,LACE MIDI DRESS,Midi dress with a round neckline and spaghetti straps. Featuring sparkling appliqué detailing.,"[{""@type"": ""PropertyValue"", ""propertyID"": ""Composition"", ""name"": ""OUTER SHELL"", ""value"": ""92% polyamide, 8% elastane""}]",polyamide/elastane,,https://www.zara.com/us/en/lace-midi-dress-p05063839.html,"[""https://www.zara.com/us/en/woman-dresses-l1066.html""]",Woman,79.90,USD,"[""Black""]","[""L"", ""M"", ""S""]",2026-09-06T04:27:41.098Z,observed,data\raw\zara\05063839.json,PUBLICLY OBSERVED,captured JSON-LD only; not guaranteed exhaustive
zara-us:05070904,zara_us_public,05070904,100% LINEN RELAXED FIT SHIRT,Relaxed fit shirt made of linen fabric. Bowling collar and short sleeves. Side vents at hem. Front button closure.,"[{""@type"": ""PropertyValue"", ""propertyID"": ""Composition"", ""name"": ""OUTER SHELL"", ""value"": ""100% linen""}]",100% linen,,https://www.zara.com/us/en/100-linen-relaxed-fit-shirt-p05070904.html,"[""https://www.zara.com/us/en/man-shirts-l737.html""]",Man,69.90,USD,"[""Black"", ""Brown / Taupe"", ""Burgundy"", ""Light beige"", ""Light gray"", ""White""]","[""L"", ""M"", ""S"", ""XL""]",2026-09-06T04:26:49.957Z,observed,data\raw\zara\05070904.json,PUBLICLY OBSERVED,captured JSON-LD only; not guaranteed exhaustive
zara-us:05320222,zara_us_public,05320222,RELAXED FIT FAUX LEATHER OVERSHIRT,Relaxed fit overshirt made from faux leather fabric. Lapel collar and short sleeves. Patch pocket at chest. Hem with side vents. Front zip closure.,"[{""@type"": ""PropertyValue"", ""propertyID"": ""Composition"", ""name"": ""OUTER SHELL"", ""value"": """"}]",,,https://www.zara.com/us/en/relaxed-fit-faux-leather-overshirt-p05320222.html,"[""https://www.zara.com/us/en/man-shirts-l737.html""]",Man,59.90,USD,"[""Black""]","[""L"", ""M"", ""S"", ""XL""]",2026-09-06T04:24:38.694Z,observed,data\raw\zara\05320222.json,PUBLICLY OBSERVED,captured JSON-LD only; not guaranteed exhaustive
zara-us:05344204,zara_us_public,05344204,ZW COLLECTION LACE DETAIL MAXI DRESS,"ZARA WOMAN COLLECTION

Maxi dress made from 100% viscose. Round neckline and sleeveless design. Matching lace appliqué detail. Back opening with covered button closure.","[{""@type"": ""PropertyValue"", ""propertyID"": ""Composition"", ""name"": ""OUTER SHELL"", ""value"": """"}]",,,https://www.zara.com/us/en/zw-collection-lace-detail-maxi-dress-p05344204.html,"[""https://www.zara.com/us/en/woman-dresses-l1066.html""]",Woman,169.00,USD,"[""Black""]","[""L"", ""M"", ""S"", ""XL"", ""XS""]",2026-09-06T04:28:02.219Z,observed,data\raw\zara\05344204.json,PUBLICLY OBSERVED,captured JSON-LD only; not guaranteed exhaustive
zara-us:05536105,zara_us_public,05536105,RIBBED-WAIST KNIT MIDI DRESS,Midi dress with a mock neck and wide short sleeves. Features a wide ribbed waistband and button-front closure.,"[{""@type"": ""PropertyValue"", ""propertyID"": ""Composition"", ""name"": ""OUTER SHELL"", ""value"": ""44% polyester, 34% polyamide, 19% acrylic, 3% wool""}]",polyester/polyamide/acrylic,,https://www.zara.com/us/en/ribbed-waist-midi-knit-dress-p05536105.html,"[""https://www.zara.com/us/en/woman-dresses-l1066.html""]",Woman,69.90,USD,"[""Brown / Taupe""]","[""L"", ""M"", ""S"", ""XL""]",2026-09-06T04:28:00.502Z,observed,data\raw\zara\05536105.json,PUBLICLY OBSERVED,captured JSON-LD only; not guaranteed exhaustive
zara-us:06085325,zara_us_public,06085325,FLUID ABSTRACT PRINT SHIRT,"Relaxed-fit shirt crafted from a fluid viscose-blend fabric. Features a bowling collar, short sleeves, side-slit hem, and front button closure.","[{""@type"": ""PropertyValue"", ""propertyID"": ""Composition"", ""name"": ""OUTER SHELL"", ""value"": ""82% viscose, 18% polyamide""}]",viscose/polyamide,,https://www.zara.com/us/en/abstract-print-fluid-shirt-p06085325.html,"[""https://www.zara.com/us/en/man-shirts-l737.html""]",Man,59.90,USD,"[""Khaki""]","[""L"", ""M"", ""S"", ""XL""]",2026-09-06T04:25:08.306Z,observed,data\raw\zara\06085325.json,PUBLICLY OBSERVED,captured JSON-LD only; not guaranteed exhaustive
zara-us:06929284,zara_us_public,06929284,TRF DENIM SHOULDER-PAD DRESS,"Fitted mini dress with a round neck, sleeveless design and shoulder pads. Back zip closure.","[{""@type"": ""PropertyValue"", ""propertyID"": ""Composition"", ""name"": ""OUTER SHELL"", ""value"": ""95% cotton, 4% polyester, 1% elastane""}]",cotton/polyester/elastane,,https://www.zara.com/us/en/trf-denim-shoulder-pad-dress-p06929284.html,"[""https://www.zara.com/us/en/woman-dresses-l1066.html""]",Woman,69.90,USD,"[""Dark indigo""]","[""L"", ""M"", ""S"", ""XL"", ""XS"", ""XXL""]",2026-09-06T04:27:24.655Z,observed,data\raw\zara\06929284.json,PUBLICLY OBSERVED,captured JSON-LD only; not guaranteed exhaustive
zara-us:06987370,zara_us_public,06987370,REGULAR FIT DENIM WESTERN SHIRT,Regular fit shirt crafted from cotton denim. Lapel collar and long sleeves finished with snap-button cuffs. Patch pockets with flaps on the chest. Washed effect. Front snap-button fastening.,"[{""@type"": ""PropertyValue"", ""propertyID"": ""Composition"", ""name"": ""OUTER SHELL"", ""value"": ""100% cotton""}]",100% cotton,"- link ""Skip to main content"":
  - /url: ""#main""
  - generic: Skip to main content
- banner:
  - button ""Open Menu""
  - link ""Search"":
    - /url: https://www.zara.com/us/en/search/home
    - generic: Search
  - navigation:
    - list:
      - link ""Cart empty"":
        - /url: https://www.zara.com/us/en/shop/cart
        - generic: Bag
        - status:
          - generic: ""0""
      - link ""LOG IN"":
        - /url: https://www.zara.com/us/en/logon
      - link ""Help"":
        - /url: https://www.zara.com/us/en/help-center
        - generic: Help
- main:
  - article:
    - button ""Enlarge image Zara REGULAR FIT DENIM WESTERN SHIRT - Striped - Image 0"":
      - img ""Blue striped shirt set with a button closure and front flap pockets, washed beige pants, belt, and black shoes.""
    - generic: NEW
    - heading ""REGULAR FIT DENIM WESTERN SHIRT"" [level=1]
    - button ""Add item to wishlist"":
    - generic: $ 59.90
    - separator
    - list:
      - button ""Striped"":
        - generic: Striped
      - button ""Charcoal"":
        - generic: Charcoal
      - button ""Mid-blue"":
        - generic: Mid-blue
      - button ""Khaki"":
        - generic: Khaki
    - paragraph:
      - text: Striped
      - button ""|6987/370/105""
    - heading ""Add to cart"" [level=2]
    - button ""Add REGULAR FIT DENIM WESTERN SHIRT"":
      - generic: Add
    - button ""Apple Pay"":
    - heading ""Description"" [level=2]
    - paragraph: Regular fit shirt crafted from cotton denim. Lapel collar and long sleeves finished with snap-button cuffs. Patch pockets with flaps on the chest. Washed effect. Front snap-button fastening.
    - region ""Complete your look"":
      - heading ""Complete your look"" [level=2]
      - list:
        - link ""Zara COTTON-LINEN REGULAR FIT SHIRT - White"":
          - /url: https://www.zara.com/us/en/cotton-linen-regular-fit-shirt-p00975785.html
          - img ""Front view of a long-sleeve white shirt. Lapel collar, front button closure, and button cuffs.""
        - link ""Zara LIGHTWEIGHT COTTON-HEMP JEANS - Light beige"":
          - /url: https://www.zara.com/us/en/lightweight-cotton-hemp-blend-jeans-p03991301.html
          - img ""Front view of light beige straight-leg trousers. Features front pockets, belt loops at the waist, and a front button closure.""
        - link ""Zara DRESS LEATHER BELT - Brown"":
          - /url: https://www.zara.com/us/en/dress-leather-belt-p02823305.html
          - img ""Front view of a brown belt with edge stitching, gold buckle closure, and keeper loop.""
        - link ""Zara COWBOY BOOTS - Black"":
          - /url: https://www.zara.com/us/en/cowboy-boots-p12015820.html
          - img ""Side view of a black mid-shaft ankle boot with a curved top edge, side pull tab, decorative stitching, pointed toe, and block heel.""
    - list:
      - button ""Product Measurements"":
        - generic: Product Measurements
      - button ""Composition & care""
      - button ""Check in-store availability""
      - button ""Shipping, Exchanges and Returns"":
        - generic: Shipping, Exchanges and Returns
    - generic: ""Composition: 100% cotton""
    - button ""Enlarge image Zara REGULAR FIT DENIM WESTERN SHIRT - Striped - Image 1"":
      - img ""Long-sleeve striped shirt set with front flap pockets, white T-shirt, black belt, and light-colored pants.""
    - list:
      - button ""Enlarge image Zara REGULAR FIT DENIM WESTERN SHIRT - Striped - Image 2"":
        - img ""Zara REGULAR FIT DENIM WESTERN SHIRT - Striped - Image 2""
      - button ""Enlarge image Zara REGULAR FIT DENIM WESTERN SHIRT - Striped - Image 3"":
        - img ""Zara REGULAR FIT DENIM WESTERN SHIRT - Striped - Image 3""
      - button ""Enlarge image Zara REGULAR FIT DENIM WESTERN SHIRT - Striped - Image 4"":
        - img ""Zara REGULAR FIT DENIM WESTERN SHIRT - Striped - Image 4""
      - button ""Enlarge image Zara REGULAR FIT DENIM WESTERN SHIRT - Striped - Image 5"":
        - img ""Zara REGULAR FIT DENIM WESTERN SHIRT - Striped - Image 5""
      - button ""Enlarge image Zara REGULAR FIT DENIM WESTERN SHIRT - Striped - Image 6"":
        - img ""Zara REGULAR FIT DENIM WESTERN SHIRT - Striped - Image 6""
      - button ""Enlarge image Zara REGULAR FIT DENIM WESTERN SHIRT - Striped - Image 7"":
        - img ""Zara REGULAR FIT DENIM WESTERN SHIRT - Striped - Image 7""
      - button ""Enlarge image Zara REGULAR FIT DENIM WESTERN SHIRT - Striped - Image 8"":
        - img ""Zara REGULAR FIT DENIM WESTERN SHIRT - Striped - Image 8""
- contentinfo:
  - heading ""Footer"" [level=2]
  - heading ""Help"" [level=3]
  - list:
    - link ""My Zara account"":
      - /url: /us/en/help-center/RegisterAndLogin
    - link ""Items and sizes"":
      - /url: /us/en/help-center/ItemsAvailability
    - link ""Gift options"":
      - /url: /us/en/help-center/GiftCard
    - link ""Deliveries"":
      - /url: /us/en/help-center/DeliveryMethods
    - link ""Payments and invoices"":
      - /url: /us/en/help-center/PaymentMethods
    - link ""My purchases"":
      - /url: /us/en/help-center/OnlinePurchases
    - link ""Exchanges, returns, and refund"":
      - /url: /us/en/help-center/HowToReturn
    - link ""Zara Pre-Owned"":
      - /url: /us/en/help-center/ZaraPreownedInfo
    - link ""Zara Experiences"":
      - /url: /us/en/help-center/Newsletter
  - heading ""Follow us"" [level=3]
  - list:
    - link ""Newsletter"":
      - /url: /us/en/z-newsletter-nl1400.html
    - link ""Tiktok"":
      - /url: https://www.tiktok.com/@zara
    - link ""Instagram"":
      - /url: https://www.instagram.com/zara/
    - link ""Facebook"":
      - /url: https://www.facebook.com/Zara
    - link ""Pinterest"":
      - /url: https://es.pinterest.com/zaraofficial
    - link ""Youtube"":
      - /url: http://www.youtube.com/user/zara
  - heading ""Company"" [level=3]
  - list:
    - link ""About us"":
      - /url: /us/en/z-company-l1391.html
    - link ""Join Life"":
      - /url: /us/en/z-join-life-mkt1399.html
    - link ""Offices"":
      - /url: /us/en/z-company-offices-corp18529.html
    - link ""Stores"":
      - /url: /us/en/z-stores-st1404.html
    - link ""Work with us"":
      - /url: /us/en/work-with-us-mkt8081.html
  - heading ""Policies"" [level=3]
  - list:
    - link ""Privacy policy"":
      - /url: https://static.zara.net/static//pdfs/US/privacy-policy/privacy-policy-en_US-20260903.pdf
    - link ""Use of AI"":
      - /url: https://static.zara.net/static/pdfs/ZARA/image-ai-terms/image-ai-terms-en_20260727_v1.pdf
    - link ""Terms of use"":
      - /url: https://static.zara.net/static//pdfs/US/terms-and-conditions/terms-and-conditions-en_US-20250829.pdf
    - link ""Gift Card Conditions"":
      - /url: https://static.zara.net/static/pdfs/US/giftcard-conditions/giftcard-conditions-en_US-20240723.pdf
    - link ""California Supply Chains Act"":
      - /url: https://static.zara.net/static/pdfs/US/act-on-supply-chains/act-on-supply-chains-en_US-20260902.pdf
    - link ""Website accessibility"":
      - /url: /us/en/z-company-l1391.html?v1=11112
    - link ""Accessibility statement"":
      - /url: https://static.zara.net/static//pdfs/US/accessibility-declaration/accessibility-declaration-en_US-20200305.pdf
    - button ""COOKIE SETTINGS""
    - button ""Cookie and Ad Preferences""
    - link ""California ab 1305 disclosure statement"":
      - /url: https://www.inditex.com/itxcomweb/api/media/d6d06b5c-4a2f-431d-915f-ce8ca9e95181/Sustainabilityreport2024.pdf?t=1756810205890#page=58
  - navigation ""Breadcrumbs Trail"":
    - list:
      - link ""ZARA"":
        - /url: https://www.zara.com/
      - text: /
      - link ""REGULAR FIT DENIM WESTERN SHIRT"":
        - /url: ""#main""
  - list ""Available stores"":
    - button ""United States""
  - list ""Available languages"":
    - listitem: English|
    - link ""Español"":
      - /url: /us/es/camisa-western-denim-regular-fit-p06987370.html
  - generic: © All rights reserved
- dialog ""Composition & care"":
  - button ""Close"" [active]:
  - generic: COMPOSITION & CARE
  - generic: COMPOSITION
  - generic: OUTER SHELL
  - generic: 100% cotton
  - generic: ""Which has at least:""
  - generic: OUTER SHELL
  - generic: 30% RCS-certified recycled cotton
  - generic: 70% OCS certified organically grown cotton
  - generic: Certified materials
  - generic: RCS CERTIFIED RECYCLED COTTON
  - generic: This fiber is made from recycled cotton textile waste. Using recycled materials helps limit the consumption of raw materials. It is certified to the Recycled Claim Standard (RCS), which verifies the recycled content and tracks it from source to final product.
  - generic: Certified by Intertek 193341
  - link ""More information"":
    - /url: https://www.zara.com/us/en/sostenibilidad-web-verde-l1453.html?v1=2247135
    - generic: More information
  - generic: OCS CERTIFIED ORGANICALLY GROWN COTTON
  - generic: This fiber is produced without using artificial fertilizers or pesticides and is grown from seeds that have not been genetically modified. We are currently working with the Organic Content Standard (OCS) that supervises the process from the source to the end product.
  - generic: Certified by Intertek 193341
  - link ""More information"":
    - /url: https://www.zara.com/us/en/sostenibilidad-web-verde-l1453.html?v1=2247135
    - generic: More information
  - generic: CARE
  - generic: Take care of your clothes to lengthen their useful life.
  - text: Wash your garments only when needed. Washing processes damage textiles over time.
  - link ""Clothing care guide"":
    - /url: https://www.zara.com/us/en/sustainability-clothing-care-l3129.html?v1=1596204
  - list:
    - generic: Hand wash max 30ºC/86ºF
    - generic: Do not use bleach / whitener
    - generic: Iron maximum 110ºC/230ºF
    - generic: Tetrachloroethylene Dry Clean
    - generic: Low temperature dryer may be used
  - generic: ORIGIN
  - generic: Made in Bangladesh",https://www.zara.com/us/en/regular-fit-denim-western-shirt-p06987370.html,"[""https://www.zara.com/us/en/man-shirts-l737.html""]",Man,59.90,USD,"[""Charcoal"", ""Khaki"", ""Mid-blue"", ""Striped""]","[""L"", ""M"", ""S"", ""XL""]",2026-09-06T04:23:30.470Z,observed,data\raw\zara\06987370.json,PUBLICLY OBSERVED,captured JSON-LD only; not guaranteed exhaustive
zara-us:07265541,zara_us_public,07265541,MINI FROG FASTENING DRESS,Short sleeveless round neck dress. Decorative front buttons and neckline opening. Front hem slit. Contrasting trim finish. Back hidden in-seam zip closure.,"[{""@type"": ""PropertyValue"", ""propertyID"": ""Composition"", ""name"": ""OUTER SHELL"", ""value"": ""48% cotton, 43% polyester, 9% elastane""}]",cotton/polyester/elastane,,https://www.zara.com/us/en/frog-fastening-mini-dress-p07265541.html,"[""https://www.zara.com/us/en/woman-dresses-l1066.html""]",Woman,69.90,USD,"[""Pink""]","[""L"", ""M"", ""S"", ""XL"", ""XS""]",2026-09-06T04:29:02.480Z,observed,data\raw\zara\07265541.json,PUBLICLY OBSERVED,captured JSON-LD only; not guaranteed exhaustive
zara-us:07545333,zara_us_public,07545333,STRUCTURED REGULAR FIT SHIRT,"REGULAR FIT - EASY IRON - REGULAR COLLAR. Regular fit shirt made from a cotton-blend fabric. Features a spread collar, long sleeves with buttoned cuffs, and a front button closure.","[{""@type"": ""PropertyValue"", ""propertyID"": ""Composition"", ""name"": ""OUTER SHELL"", ""value"": ""60% cotton, 40% polyester""}]",cotton/polyester,,https://www.zara.com/us/en/structured-regular-fit-shirt-p07545333.html,"[""https://www.zara.com/us/en/man-shirts-l737.html""]",Man,49.90,USD,"[""Coral red"", ""Green stripe"", ""White""]","[""L"", ""M"", ""S"", ""XL"", ""XXL""]",2026-09-06T04:24:24.607Z,observed,data\raw\zara\07545333.json,PUBLICLY OBSERVED,captured JSON-LD only; not guaranteed exhaustive
zara-us:07545500,zara_us_public,07545500,TEXTURED REGULAR FIT SHIRT,"REGULAR FIT - STRETCH - SPREAD COLLAR. Regular-fit shirt crafted in an easy-iron fabric that minimizes wrinkles after washing. Features a spread collar, long sleeves with buttoned cuffs, and a front button fastening.","[{""@type"": ""PropertyValue"", ""propertyID"": ""Composition"", ""name"": ""OUTER SHELL"", ""value"": ""88% polyamide, 12% elastane""}]",polyamide/elastane,,https://www.zara.com/us/en/structured-regular-fit-shirt-p07545500.html,"[""https://www.zara.com/us/en/man-shirts-l737.html""]",Man,59.90,USD,"[""Black"", ""White""]","[""L"", ""M"", ""S"", ""XL""]",2026-09-06T04:25:04.396Z,observed,data\raw\zara\07545500.json,PUBLICLY OBSERVED,captured JSON-LD only; not guaranteed exhaustive
zara-us:07545710,zara_us_public,07545710,EASY CARE TEXTURED SHIRT,REGULAR FIT - EASY IRON - SPREAD COLLAR. Shirt crafted in a textured fabric designed for easy everyday care. Regular fit. Spread collar and long sleeves with buttoned cuffs. Front button-up closure.,"[{""@type"": ""PropertyValue"", ""propertyID"": ""Composition"", ""name"": ""OUTER SHELL"", ""value"": ""60% cotton, 40% polyester""}]",cotton/polyester,,https://www.zara.com/us/en/easy-care-textured-shirt-p07545710.html,"[""https://www.zara.com/us/en/man-shirts-l737.html""]",Man,49.90,USD,"[""981"", ""Sky blue"", ""White"", ""White / Navy""]","[""L"", ""M"", ""S"", ""XL"", ""XXL""]",2026-09-06T04:25:01.952Z,observed,data\raw\zara\07545710.json,PUBLICLY OBSERVED,captured JSON-LD only; not guaranteed exhaustive
zara-us:07812332,zara_us_public,07812332,SATIN EFFECT MINI DRESS WITH SLIT,"Mini dress with a high neck, opening, and button. Short sleeves. Matching interior lining. Back hidden in-seam zip closure.","[{""@type"": ""PropertyValue"", ""propertyID"": ""Composition"", ""name"": ""OUTER SHELL"", ""value"": ""100% polyester""}, {""@type"": ""PropertyValue"", ""propertyID"": ""Composition"", ""name"": ""LINING"", ""value"": ""100% polyester""}]",100% polyester,,https://www.zara.com/us/en/satin-effect-mini-dress-with-slit-p07812332.html,"[""https://www.zara.com/us/en/woman-dresses-l1066.html""]",Woman,59.90,USD,"[""Black"", ""Bone"", ""Light gray"", ""Red""]","[""L"", ""M"", ""S"", ""XL"", ""XS"", ""XXL""]",2026-09-06T04:29:07.363Z,observed,data\raw\zara\07812332.json,PUBLICLY OBSERVED,captured JSON-LD only; not guaranteed exhaustive
zara-us:07845524,zara_us_public,07845524,SHOULDER PAD BELTED SHORT JUMPSUIT,"Short jumpsuit with a draped crossover neckline. Sleeveless design with shoulder pads. Features front pleats and a matching fabric belt with a metallic buckle. Front closure with zipper, metal hooks, and a hidden button.","[{""@type"": ""PropertyValue"", ""propertyID"": ""Composition"", ""name"": ""OUTER SHELL"", ""value"": ""70% polyester, 27% viscose, 3% elastane""}]",polyester/viscose/elastane,,https://www.zara.com/us/en/short-shoulder-pad-jumpsuit-with-belt-p07845524.html,"[""https://www.zara.com/us/en/woman-dresses-l1066.html""]",Woman,79.90,USD,"[""Canvas""]","[""L"", ""M"", ""S"", ""XL"", ""XS""]",2026-09-06T04:29:05.946Z,observed,data\raw\zara\07845524.json,PUBLICLY OBSERVED,captured JSON-LD only; not guaranteed exhaustive
zara-us:07863212,zara_us_public,07863212,TRENCH MINI DRESS WITH SLIT,Mini dress featuring a round neckline with a slit and sleeveless design with shoulder tabs. Front faux flap pockets and decorative button details. Side hidden in-seam zip closure.,"[{""@type"": ""PropertyValue"", ""propertyID"": ""Composition"", ""name"": ""OUTER SHELL"", ""value"": ""55% lyocell, 42% cotton, 3% elastane""}, {""@type"": ""PropertyValue"", ""propertyID"": ""Composition"", ""name"": ""LINING"", ""value"": """"}]",lyocell/cotton/elastane,,https://www.zara.com/us/en/trench-mini-dress-with-cutout-p07863212.html,"[""https://www.zara.com/us/en/woman-dresses-l1066.html""]",Woman,69.90,USD,"[""Beige""]","[""L"", ""M"", ""S"", ""XL"", ""XS"", ""XXL""]",2026-09-06T04:28:47.924Z,observed,data\raw\zara\07863212.json,PUBLICLY OBSERVED,captured JSON-LD only; not guaranteed exhaustive
zara-us:07904115,zara_us_public,07904115,FROG FASTENING MINI DRESS,Round neck sleeveless dress. Fitted waist with front faux double-welt pockets. Front button detail. Side hidden in-seam zip closure.,"[{""@type"": ""PropertyValue"", ""propertyID"": ""Composition"", ""name"": ""OUTER SHELL"", ""value"": ""100% cotton""}, {""@type"": ""PropertyValue"", ""propertyID"": ""Composition"", ""name"": ""LINING"", ""value"": ""100% cotton""}]",100% cotton,,https://www.zara.com/us/en/frog-fastening-mini-dress-p07904115.html,"[""https://www.zara.com/us/en/woman-dresses-l1066.html""]",Woman,89.90,USD,"[""White""]","[""L"", ""M"", ""S"", ""XL"", ""XS""]",2026-09-06T04:28:51.615Z,observed,data\raw\zara\07904115.json,PUBLICLY OBSERVED,captured JSON-LD only; not guaranteed exhaustive
zara-us:07956576,zara_us_public,07956576,Z1975 MIDI DENIM DRESS,Sleeveless dress with a notched collar and V-neck. Faux button detail at the front. Side seam with hidden zipper closure.,"[{""@type"": ""PropertyValue"", ""propertyID"": ""Composition"", ""name"": ""OUTER SHELL"", ""value"": ""97% cotton, 3% elastane""}]",cotton/elastane,,https://www.zara.com/us/en/z1975-midi-denim-dress-p07956576.html,"[""https://www.zara.com/us/en/woman-dresses-l1066.html""]",Woman,69.90,USD,"[""Indigo""]","[""L"", ""M"", ""S"", ""XL"", ""XS""]",2026-09-06T04:29:10.446Z,observed,data\raw\zara\07956576.json,PUBLICLY OBSERVED,captured JSON-LD only; not guaranteed exhaustive
zara-us:08779637,zara_us_public,08779637,METALLIC YARN RIBBED MAXI DRESS,Long dress with a high neck and long sleeves. Pleated hem.,"[{""@type"": ""PropertyValue"", ""propertyID"": ""Composition"", ""name"": ""OUTER SHELL"", ""value"": ""90% viscose, 5% polyamide, 5% metallised fibre""}]",viscose/polyamide/metallised fibre,,https://www.zara.com/us/en/metallic-yarn-ribbed-maxi-dress-p08779637.html,"[""https://www.zara.com/us/en/woman-dresses-l1066.html""]",Woman,79.90,USD,"[""Golden""]","[""L"", ""M"", ""S""]",2026-09-06T04:27:46.933Z,observed,data\raw\zara\08779637.json,PUBLICLY OBSERVED,captured JSON-LD only; not guaranteed exhaustive
zara-us:09632350,zara_us_public,09632350,PLAID RELAXED FIT SHIRT,"Relaxed fit shirt crafted from cotton fabric. Features a lapel collar, long sleeves with buttoned cuffs, and a front button placket.","[{""@type"": ""PropertyValue"", ""propertyID"": ""Composition"", ""name"": ""OUTER SHELL"", ""value"": ""100% cotton""}]",100% cotton,,https://www.zara.com/us/en/checked-relaxed-fit-shirt-p09632350.html,"[""https://www.zara.com/us/en/man-shirts-l737.html""]",Man,79.90,USD,"[""Blue""]","[""L"", ""M"", ""S"", ""XL""]",2026-09-06T04:24:19.634Z,observed,data\raw\zara\09632350.json,PUBLICLY OBSERVED,captured JSON-LD only; not guaranteed exhaustive
